block_intersection,severity_code,collision_type,person_count,ped_count,pedcyl_count,veh_count,junction_type,sdot_coldesc,in_attention,under_infl,weather,road_cond,light_cond,ped_right_way,speeding,s._col_desc,crosswalkkey,hit_parked_car,latitude,longitude
1,1,Cycles,2,0,1,1,At Intersection (intersection related),"MOTOR VEHICLE STRUCK PEDALCYCLIST, FRONT END AT ANGLE",0,0,Clear or Partly Cloudy,Dry,Daylight,0,0,Vehicle Strikes Pedalcyclist,0,0,47.604651578239896,-122.33869324292378
0,1,Cycles,2,0,1,1,Mid-Block (not related to intersection),"MOTOR VEHICLE STRUCK PEDALCYCLIST, FRONT END AT ANGLE",1,0,Clear or Partly Cloudy,Dry,Dawn,0,0,Vehicle Strikes Pedalcyclist,0,0,47.6080125260411,-122.30437525746581
1,1,Cycles,2,0,1,1,At Intersection (intersection related),"MOTOR VEHICLE STRUCK PEDALCYCLIST, FRONT END AT ANGLE",0,0,Clear or Partly Cloudy,Dry,Daylight,0,0,Vehicle Strikes Pedalcyclist,0,0,47.60729905819726,-122.33708679815666
0,0,Cycles,2,0,1,1,Mid-Block (not related to intersection),"MOTOR VEHICLE STRUCK PEDALCYCLIST, FRONT END AT ANGLE",0,0,Clear or Partly Cloudy,Dry,Daylight,0,0,Pedalcyclist Strikes Moving Vehicle,0,0,47.58635654911362,-122.37709106587593
0,1,Cycles,2,0,1,1,Mid-Block (not related to intersection),"MOTOR VEHICLE STRUCK PEDALCYCLIST, FRONT END AT ANGLE",1,0,Overcast,Dry,Dark - Street Lights On,0,0,Pedalcyclist Strikes Moving Vehicle,0,0,47.68052069009705,-122.32286515402537
0,1,Cycles,2,0,1,1,Mid-Block (not related to intersection),"MOTOR VEHICLE STRUCK PEDALCYCLIST, FRONT END AT ANGLE",0,0,Clear or Partly Cloudy,Wet,Daylight,0,0,Vehicle Strikes Pedalcyclist,0,0,47.685300211847846,-122.32562209265913
0,0,Cycles,2,0,1,1,Mid-Block (not related to intersection),PEDALCYCLIST STRUCK MOTOR VEHICLE LEFT SIDE SIDESWIPE,0,0,Clear or Partly Cloudy,Dry,Dusk,0,0,Vehicle Strikes Pedalcyclist,0,0,47.646503048118774,-122.32519936846165
1,1,Cycles,2,0,1,1,At Intersection (intersection related),"MOTOR VEHICLE STRUCK PEDALCYCLIST, FRONT END AT ANGLE",0,0,Clear or Partly Cloudy,Dry,Daylight,0,0,Vehicle Strikes Pedalcyclist,0,0,47.61154371480974,-122.3114786861236
0,1,Cycles,2,0,1,1,Mid-Block (not related to intersection),"MOTOR VEHICLE STRUCK PEDALCYCLIST, FRONT END AT ANGLE",0,0,Clear or Partly Cloudy,Dry,Daylight,0,0,Pedalcyclist Strikes Moving Vehicle,0,0,47.60878749220817,-122.33844845839596
1,0,Cycles,2,0,1,1,At Intersection (intersection related),"MOTOR VEHICLE STRUCK PEDALCYCLIST, FRONT END AT ANGLE",0,0,Clear or Partly Cloudy,Dry,Daylight,0,0,Vehicle Strikes Pedalcyclist,0,0,47.67577422008743,-122.30065154721458
1,1,Cycles,2,0,1,1,At Intersection (intersection related),"MOTOR VEHICLE STRUCK PEDALCYCLIST, FRONT END AT ANGLE",1,0,Raining,Wet,Dark - Street Lights On,0,0,Vehicle Strikes Pedalcyclist,0,0,47.612909621074635,-122.3062455482968
1,1,Cycles,3,0,1,1,At Intersection (intersection related),PEDALCYCLIST STRUCK MOTOR VEHICLE FRONT END AT ANGLE,1,0,Raining,Wet,Daylight,0,0,Pedalcyclist Strikes Moving Vehicle,0,0,47.67578248050508,-122.3108578614397
1,1,Cycles,2,0,1,1,At Intersection (intersection related),"MOTOR VEHICLE STRUCK PEDALCYCLIST, FRONT END AT ANGLE",0,0,Overcast,Dry,Daylight,1,0,Vehicle Strikes Pedalcyclist,1,0,47.62320915614482,-122.33844628839591
1,1,Cycles,3,0,1,1,At Intersection (intersection related),PEDALCYCLIST STRUCK MOTOR VEHICLE FRONT END AT ANGLE,0,0,Clear or Partly Cloudy,Dry,Dark - Street Lights On,0,0,Vehicle Strikes Pedalcyclist,0,0,47.67017483699674,-122.37888314544468
1,1,Cycles,2,0,1,1,At Intersection (intersection related),PEDALCYCLIST STRUCK MOTOR VEHICLE FRONT END AT ANGLE,0,0,Overcast,Wet,Dark - Street Lights Off,0,0,Pedalcyclist Strikes Moving Vehicle,0,0,47.599186130013244,-122.32244469210012
1,1,Cycles,2,1,1,0,At Intersection (intersection related),PEDALCYCLIST STRUCK PEDESTRIAN,0,0,Overcast,Dry,Daylight,1,0,Pedalcyclist Strikes Pedalcyclist or Pedestrian,0,0,47.67655440134596,-122.31737321600777
1,1,Cycles,2,0,1,1,At Intersection (intersection related),"MOTOR VEHICLE STRUCK PEDALCYCLIST, FRONT END AT ANGLE",0,0,Clear or Partly Cloudy,Dry,Daylight,0,0,Vehicle Strikes Pedalcyclist,0,0,47.61582545523598,-122.33875323438272
1,1,Cycles,2,0,1,1,At Intersection (intersection related),PEDALCYCLIST STRUCK MOTOR VEHICLE FRONT END AT ANGLE,0,0,Clear or Partly Cloudy,Dry,Dark - Street Lights On,0,0,Vehicle Strikes Pedalcyclist,0,0,47.62832451034748,-122.32709992275879
0,1,Cycles,2,0,1,1,Mid-Block (not related to intersection),"MOTOR VEHICLE STRUCK PEDALCYCLIST, FRONT END AT ANGLE",1,0,Raining,Wet,Daylight,0,0,Vehicle Strikes Pedalcyclist,0,0,47.5982910012677,-122.33372831870615
0,1,Cycles,2,0,1,1,Driveway Junction,"MOTOR VEHICLE STRUCK PEDALCYCLIST, FRONT END AT ANGLE",1,0,Raining,Wet,Daylight,0,0,Pedalcyclist Strikes Moving Vehicle,0,0,47.63320829761861,-122.34228266624625
1,0,Cycles,2,0,1,1,At Intersection (intersection related),PEDALCYCLIST STRUCK MOTOR VEHICLE FRONT END AT ANGLE,1,0,Overcast,Unknown,Daylight,0,0,Vehicle Strikes Pedalcyclist,0,0,47.61452106115382,-122.33295031307426
0,0,Cycles,2,0,1,1,Mid-Block (not related to intersection),NOT ENOUGH INFORMATION / NOT APPLICABLE,0,0,Clear or Partly Cloudy,Dry,Unknown,0,0,Vehicle Strikes Pedalcyclist,0,0,47.61409263119132,-122.3062154247728
1,1,Cycles,3,0,1,1,At Intersection (intersection related),"MOTOR VEHICLE STRUCK PEDALCYCLIST, FRONT END AT ANGLE",0,0,Clear or Partly Cloudy,Dry,Daylight,0,0,Vehicle Strikes Pedalcyclist,0,0,47.65297596413605,-122.31246414473328
1,0,Cycles,2,0,1,1,At Intersection (intersection related),"MOTOR VEHICLE STRUCK PEDALCYCLIST, FRONT END AT ANGLE",1,0,Overcast,Dry,Daylight,0,0,Vehicle Strikes Pedalcyclist,0,0,47.54245100128818,-122.27810795061262
0,1,Rear Ended,4,0,2,2,Mid-Block (but intersection related),"MOTOR VEHICLE STRUCK MOTOR VEHICLE, REAR END",1,0,Overcast,Dry,Dark - Street Lights On,0,0,From same direction - both going straight - one stopped - rear-end,0,0,47.64591625975207,-122.34965185886637
1,1,Cycles,3,0,1,1,At Intersection (intersection related),"MOTOR VEHICLE STRUCK PEDALCYCLIST, FRONT END AT ANGLE",0,0,Clear or Partly Cloudy,Dry,Daylight,0,0,Vehicle Strikes Pedalcyclist,0,0,47.668675798849364,-122.3821299965678
0,1,Cycles,2,0,1,1,Mid-Block (not related to intersection),"MOTOR VEHICLE STRUCK PEDALCYCLIST, FRONT END AT ANGLE",0,0,Clear or Partly Cloudy,Wet,Daylight,0,0,Pedalcyclist Strikes Moving Vehicle,0,0,47.63498698711708,-122.34228517989064
1,1,Cycles,2,0,1,1,At Intersection (intersection related),"MOTOR VEHICLE STRUCK PEDALCYCLIST, FRONT END AT ANGLE",0,0,Clear or Partly Cloudy,Dry,Daylight,0,0,Vehicle Strikes Pedalcyclist,0,0,47.68692430802964,-122.36833137726177
0,1,Parked Car,2,0,1,1,Mid-Block (not related to intersection),"MOTOR VEHICLE STRUCK MOTOR VEHICLE, REAR END",0,0,Clear or Partly Cloudy,Dry,Daylight,0,0,One parked--one moving,0,1,47.654263064347276,-122.3707609880352
1,1,Cycles,2,0,1,1,At Intersection (intersection related),PEDALCYCLIST STRUCK MOTOR VEHICLE FRONT END AT ANGLE,0,0,Clear or Partly Cloudy,Dry,Daylight,0,0,Vehicle Strikes Pedalcyclist,0,0,47.6383654685091,-122.37276148284242
0,1,Cycles,3,0,1,1,Mid-Block (not related to intersection),"MOTOR VEHICLE STRUCK MOTOR VEHICLE, FRONT END AT ANGLE",0,0,Clear or Partly Cloudy,Dry,Daylight,0,0,Vehicle Strikes Pedalcyclist,0,0,47.526987827059386,-122.27272394545264
0,2,Cycles,3,0,1,2,Mid-Block (not related to intersection),"MOTOR VEHICLE STRUCK PEDALCYCLIST, FRONT END AT ANGLE",0,0,Overcast,Wet,Dark - Street Lights On,0,0,Vehicle Strikes Pedalcyclist,0,1,47.6880263040823,-122.35530031084306
0,1,Cycles,2,0,1,1,Mid-Block (not related to intersection),"MOTOR VEHICLE STRUCK PEDALCYCLIST, REAR END",0,0,Overcast,Dry,Daylight,0,0,Vehicle Strikes Pedalcyclist,0,0,47.581128431360476,-122.37859938772093
1,1,Cycles,2,0,1,1,At Intersection (intersection related),"MOTOR VEHICLE STRUCK PEDALCYCLIST, FRONT END AT ANGLE",0,0,Clear or Partly Cloudy,Wet,Dark - Street Lights On,0,0,Vehicle Strikes Pedalcyclist,0,0,47.61522500481614,-122.32447263631508
1,0,Cycles,2,0,1,1,At Intersection (intersection related),"MOTOR VEHICLE STRUCK PEDALCYCLIST, FRONT END AT ANGLE",0,0,Overcast,Dry,Dark - Street Lights On,0,0,Vehicle Strikes Pedalcyclist,0,0,47.64924012162934,-122.34741874332344
1,1,Cycles,2,0,1,1,At Intersection (intersection related),"MOTOR VEHICLE STRUCK PEDALCYCLIST, FRONT END AT ANGLE",0,0,Clear or Partly Cloudy,Dry,Dark - Street Lights On,0,0,Vehicle Strikes Pedalcyclist,0,0,47.70689880199289,-122.35546663163448
1,1,Cycles,2,0,1,1,At Intersection (intersection related),PEDALCYCLIST STRUCK MOTOR VEHICLE FRONT END AT ANGLE,1,0,Clear or Partly Cloudy,Wet,Dark - Street Lights On,0,0,Pedalcyclist Strikes Moving Vehicle,0,0,47.65157827163786,-122.32127525687477
0,1,Cycles,3,0,1,2,Mid-Block (not related to intersection),PEDALCYCLIST STRUCK MOTOR VEHICLE FRONT END AT ANGLE,0,1,Clear or Partly Cloudy,Dry,Daylight,0,0,Pedalcyclist Strikes Moving Vehicle,0,0,47.626750082509396,-122.33340509443424
1,3,Cycles,2,0,1,1,At Intersection (intersection related),"MOTOR VEHICLE STRUCK PEDALCYCLIST, FRONT END AT ANGLE",0,0,Clear or Partly Cloudy,Dry,Daylight,0,0,Pedalcyclist Strikes Moving Vehicle,0,0,47.51985502326705,-122.26869660057228
1,1,Cycles,2,0,1,1,At Intersection (intersection related),"MOTOR VEHICLE STRUCK PEDALCYCLIST, FRONT END AT ANGLE",0,0,Overcast,Wet,Dusk,0,0,Vehicle Strikes Pedalcyclist,1,0,47.598337593315385,-122.31722797859959
1,1,Cycles,4,0,1,1,At Intersection (intersection related),"MOTOR VEHICLE STRUCK PEDALCYCLIST, FRONT END AT ANGLE",0,0,Clear or Partly Cloudy,Dry,Dark - Street Lights On,0,0,Pedalcyclist Strikes Moving Vehicle,0,0,47.603019393440114,-122.33317224593478
1,1,Cycles,2,0,1,1,At Intersection (intersection related),"MOTOR VEHICLE STRUCK MOTOR VEHICLE, FRONT END AT ANGLE",0,0,Clear or Partly Cloudy,Dry,Daylight,0,0,Vehicle Strikes Pedalcyclist,0,0,47.60509000422416,-122.3258596212277
1,1,Cycles,2,0,1,1,At Intersection (intersection related),"MOTOR VEHICLE STRUCK PEDALCYCLIST, FRONT END AT ANGLE",0,0,Clear or Partly Cloudy,Dry,Daylight,0,0,Pedalcyclist Strikes Moving Vehicle,0,0,47.61296336278694,-122.32076237817628
1,1,Cycles,2,0,1,1,At Intersection (intersection related),PEDALCYCLIST STRUCK MOTOR VEHICLE FRONT END AT ANGLE,1,0,Clear or Partly Cloudy,Dry,Daylight,0,0,Pedalcyclist Strikes Moving Vehicle,0,0,47.641355010445906,-122.320058803595
1,1,Cycles,3,0,1,1,At Intersection (intersection related),PEDALCYCLIST STRUCK MOTOR VEHICLE FRONT END AT ANGLE,0,0,Clear or Partly Cloudy,Dry,Daylight,1,0,Pedalcyclist Strikes Moving Vehicle,0,0,47.627138383473216,-122.34232660384295
1,1,Cycles,2,0,1,1,At Intersection (intersection related),"MOTOR VEHICLE STRUCK PEDALCYCLIST, FRONT END AT ANGLE",0,0,Raining,Wet,Dark - Street Lights On,0,0,Vehicle Strikes Pedalcyclist,0,0,47.62454972661586,-122.34234960108273
0,2,Pedestrian,3,0,1,1,Mid-Block (not related to intersection),MOTOR VEHCILE STRUCK PEDESTRIAN,0,1,Clear or Partly Cloudy,Dry,Dark - Street Lights On,0,0,Vehicle hits Pedestrian - All Other Actions,0,0,47.599187341522,-122.32033398956129
1,1,Cycles,2,0,1,1,At Intersection (intersection related),"MOTOR VEHICLE STRUCK PEDALCYCLIST, FRONT END AT ANGLE",1,0,Overcast,Wet,Daylight,0,0,Pedalcyclist Strikes Moving Vehicle,0,0,47.60729905819726,-122.33708679815666
1,1,Cycles,3,0,1,1,At Intersection (intersection related),PEDALCYCLIST STRUCK MOTOR VEHICLE FRONT END AT ANGLE,0,0,Clear or Partly Cloudy,Dry,Daylight,0,0,Pedalcyclist Strikes Moving Vehicle,1,0,47.571420865588465,-122.32907749711175
1,1,Cycles,2,0,1,1,At Intersection (intersection related),PEDALCYCLIST STRUCK MOTOR VEHICLE FRONT END AT ANGLE,0,0,Clear or Partly Cloudy,Dry,Daylight,0,0,Vehicle Strikes Pedalcyclist,0,0,47.628924300094155,-122.33100164147018
0,1,Cycles,2,0,1,1,Mid-Block (not related to intersection),PEDALCYCLIST STRUCK MOTOR VEHICLE LEFT SIDE SIDESWIPE,0,0,Unknown,Unknown,Daylight,0,0,Vehicle - Pedalcyclist,0,0,47.62263838004219,-122.34236643866664
0,1,Cycles,2,0,1,1,Mid-Block (not related to intersection),"MOTOR VEHICLE STRUCK PEDALCYCLIST, FRONT END AT ANGLE",0,0,Clear or Partly Cloudy,Dry,Daylight,1,0,Vehicle - Pedalcyclist,0,0,47.6336931487632,-122.3422833515234
0,2,Cycles,3,0,1,1,Mid-Block (not related to intersection),PEDALCYCLIST STRUCK MOTOR VEHICLE RIGHT SIDE SIDESWIPE,0,0,Clear or Partly Cloudy,Dry,Daylight,0,0,Vehicle - Pedalcyclist,0,0,47.64044969209657,-122.32006083970396
1,1,Cycles,5,0,1,1,At Intersection (intersection related),PEDALCYCLIST STRUCK MOTOR VEHICLE FRONT END AT ANGLE,1,0,Overcast,Dry,Dusk,0,0,Vehicle - Pedalcyclist,0,0,47.52645748029189,-122.3202840057328
1,1,Cycles,2,0,1,1,At Intersection (intersection related),"MOTOR VEHICLE STRUCK PEDALCYCLIST, FRONT END AT ANGLE",0,0,Clear or Partly Cloudy,Dry,Dusk,1,0,Vehicle - Pedalcyclist,0,0,47.616341840491636,-122.32678751884164
0,1,Cycles,2,0,1,1,Driveway Junction,"MOTOR VEHICLE STRUCK PEDALCYCLIST, LEFT SIDE SIDESWIPE",0,0,Clear or Partly Cloudy,Dry,Daylight,1,0,Vehicle - Pedalcyclist,0,0,47.626528045372716,-122.29168646899036
1,1,Cycles,2,0,1,1,At Intersection (intersection related),"MOTOR VEHICLE STRUCK PEDALCYCLIST, FRONT END AT ANGLE",0,0,Clear or Partly Cloudy,Dry,Daylight,0,0,Vehicle - Pedalcyclist,0,0,47.60576976759941,-122.3218771543034
0,1,Cycles,2,0,1,1,Driveway Junction,"MOTOR VEHICLE STRUCK PEDALCYCLIST, FRONT END AT ANGLE",0,0,Clear or Partly Cloudy,Dry,Daylight,1,0,Vehicle - Pedalcyclist,0,0,47.717173100926324,-122.34489607877191
1,1,Cycles,2,0,1,1,At Intersection (intersection related),"MOTOR VEHICLE STRUCK PEDALCYCLIST, FRONT END AT ANGLE",0,0,Clear or Partly Cloudy,Dry,Daylight,0,0,Vehicle - Pedalcyclist,0,0,47.66490847462878,-122.3142100907226
0,1,Cycles,2,0,1,1,Mid-Block (not related to intersection),"MOTOR VEHICLE STRUCK PEDALCYCLIST, FRONT END AT ANGLE",0,0,Clear or Partly Cloudy,Dry,Daylight,1,0,Vehicle - Pedalcyclist,0,0,47.643384196152184,-122.38331494201151
1,2,Cycles,1,0,1,0,At Intersection (intersection related),PEDALCYCLIST STRUCK MOTOR VEHICLE FRONT END AT ANGLE,0,0,Overcast,Dry,Daylight,0,0,Vehicle - Pedalcyclist,0,0,47.67602257015706,-122.3543532189687
1,0,Cycles,3,0,1,1,At Intersection (intersection related),PEDALCYCLIST STRUCK MOTOR VEHICLE FRONT END AT ANGLE,0,0,Overcast,Dry,Daylight,0,0,Vehicle - Pedalcyclist,0,0,47.560577263637114,-122.27321465815723
1,2,Cycles,2,0,1,1,At Intersection (intersection related),PEDALCYCLIST STRUCK MOTOR VEHICLE FRONT END AT ANGLE,0,0,Clear or Partly Cloudy,Dry,Daylight,0,0,Vehicle - Pedalcyclist,0,0,47.553425927611045,-122.33421551015692
0,1,Cycles,2,0,1,1,Driveway Junction,"MOTOR VEHICLE STRUCK PEDALCYCLIST, FRONT END AT ANGLE",1,0,Clear or Partly Cloudy,Dry,Dark - Street Lights On,0,0,Vehicle - Pedalcyclist,0,0,47.62748318161904,-122.3324646739894
0,1,Cycles,1,0,1,0,Mid-Block (not related to intersection),PEDALCYCLIST OVERTURNED IN ROAD,0,0,Clear or Partly Cloudy,Ice,Daylight,0,0,Vehicle - Pedalcyclist,0,0,47.63631850995383,-122.32574173733272
1,1,Cycles,2,0,1,1,At Intersection (intersection related),"MOTOR VEHICLE STRUCK PEDALCYCLIST, FRONT END AT ANGLE",0,0,Clear or Partly Cloudy,Dry,Daylight,1,0,Vehicle - Pedalcyclist,0,0,47.6722689876671,-122.31736339573135
1,1,Cycles,2,0,1,1,At Intersection (intersection related),PEDALCYCLIST STRUCK MOTOR VEHICLE FRONT END AT ANGLE,0,0,Clear or Partly Cloudy,Dry,Daylight,0,0,Vehicle - Pedalcyclist,0,0,47.732321197719386,-122.35825029729817
1,1,Cycles,2,0,1,1,At Intersection (intersection related),"MOTOR VEHICLE STRUCK PEDALCYCLIST, FRONT END AT ANGLE",0,0,Clear or Partly Cloudy,Dry,Daylight,1,0,Vehicle - Pedalcyclist,0,0,47.61757128944502,-122.3208358294504
1,1,Cycles,2,0,1,1,At Intersection (intersection related),"MOTOR VEHICLE STRUCK PEDALCYCLIST, FRONT END AT ANGLE",0,0,Clear or Partly Cloudy,Dry,Daylight,0,0,Vehicle - Pedalcyclist,0,0,47.51161897597682,-122.24832390405494
0,1,Cycles,2,0,1,1,Mid-Block (but intersection related),"MOTOR VEHICLE STRUCK PEDALCYCLIST, REAR END",0,0,Clear or Partly Cloudy,Dry,Daylight,0,0,Vehicle - Pedalcyclist,0,0,47.54263110064861,-122.32748207332459
0,0,Cycles,2,0,1,1,Driveway Junction,PEDALCYCLIST STRUCK MOTOR VEHICLE FRONT END AT ANGLE,0,0,Clear or Partly Cloudy,Dry,Daylight,0,0,Vehicle - Pedalcyclist,0,0,47.61794061906912,-122.33143031493557
1,1,Cycles,2,0,1,1,At Intersection (intersection related),"MOTOR VEHICLE STRUCK PEDALCYCLIST, FRONT END AT ANGLE",0,0,Clear or Partly Cloudy,Dry,Daylight,1,0,Vehicle - Pedalcyclist,0,0,47.69062654292201,-122.37276283282108
1,1,Cycles,2,0,1,1,At Intersection (intersection related),PEDALCYCLIST STRUCK MOTOR VEHICLE FRONT END AT ANGLE,0,0,Clear or Partly Cloudy,Dry,Daylight,1,0,Vehicle - Pedalcyclist,1,0,47.68304696269502,-122.30668856294176
1,1,Cycles,2,0,1,1,At Intersection (intersection related),"MOTOR VEHICLE STRUCK PEDALCYCLIST, FRONT END AT ANGLE",0,0,Overcast,Dry,Daylight,1,0,Vehicle - Pedalcyclist,1,0,47.60875622459481,-122.3368846034067
0,2,Cycles,5,0,1,1,Mid-Block (not related to intersection),"MOTOR VEHICLE STRUCK MOTOR VEHICLE, FRONT END AT ANGLE",0,1,Clear or Partly Cloudy,Dry,Daylight,0,0,Vehicle - Pedalcyclist,0,0,47.627191362075216,-122.2929898347674
1,1,Cycles,2,0,1,1,At Intersection (intersection related),PEDALCYCLIST STRUCK MOTOR VEHICLE FRONT END AT ANGLE,0,0,Clear or Partly Cloudy,Dry,Daylight,1,0,Vehicle - Pedalcyclist,0,0,47.61039501200789,-122.3167793521294
0,1,Cycles,3,0,1,1,Mid-Block (not related to intersection),"MOTOR VEHICLE STRUCK PEDALCYCLIST, FRONT END AT ANGLE",0,0,Clear or Partly Cloudy,Dry,Daylight,1,0,Vehicle - Pedalcyclist,0,0,47.54131772853013,-122.29216433944738
0,1,Cycles,1,0,1,0,Mid-Block (not related to intersection),PEDALCYCLIST STRUCK OBJECT IN ROAD,0,0,Raining,Wet,Daylight,0,1,Vehicle - Pedalcyclist,0,0,47.6374876626805,-122.30152201268032
1,1,Cycles,3,0,1,1,At Intersection (intersection related),"MOTOR VEHICLE STRUCK PEDALCYCLIST, FRONT END AT ANGLE",0,0,Overcast,Wet,Daylight,1,0,Vehicle - Pedalcyclist,1,0,47.64687291252812,-122.3351687568724
1,1,Cycles,2,0,1,1,At Intersection (intersection related),"MOTOR VEHICLE STRUCK MOTOR VEHICLE, FRONT END AT ANGLE",0,0,Clear or Partly Cloudy,Dry,Daylight,0,0,Vehicle - Pedalcyclist,0,0,47.6535988462442,-122.31448850984016
1,1,Cycles,2,0,1,1,At Intersection (intersection related),"MOTOR VEHICLE STRUCK PEDALCYCLIST, FRONT END AT ANGLE",0,0,Raining,Wet,Daylight,1,0,Vehicle - Pedalcyclist,1,0,47.56107185198776,-122.38545807825716
1,1,Cycles,2,0,1,1,At Intersection (intersection related),PEDALCYCLIST STRUCK MOTOR VEHICLE FRONT END AT ANGLE,0,0,Overcast,Dry,Daylight,1,0,Vehicle - Pedalcyclist,0,0,47.6170700943853,-122.32787485310884
1,1,Cycles,2,0,1,1,At Intersection (intersection related),"MOTOR VEHICLE STRUCK PEDALCYCLIST, FRONT END AT ANGLE",0,0,Clear or Partly Cloudy,Dry,Daylight,1,0,Vehicle - Pedalcyclist,0,0,47.67874129369951,-122.31740336490559
0,2,Cycles,3,0,1,1,Mid-Block (not related to intersection),PEDALCYCLIST STRUCK MOTOR VEHICLE FRONT END AT ANGLE,0,0,Clear or Partly Cloudy,Dry,Daylight,1,0,Vehicle - Pedalcyclist,0,0,47.49956709735468,-122.37781865820313
1,1,Cycles,2,0,1,1,At Intersection (intersection related),"MOTOR VEHICLE STRUCK PEDALCYCLIST, FRONT END AT ANGLE",0,1,Clear or Partly Cloudy,Dry,Dark - Street Lights On,1,1,Vehicle - Pedalcyclist,0,0,47.67292260221713,-122.3335531918494
0,0,Cycles,2,0,1,1,,"MOTOR VEHICLE STRUCK PEDALCYCLIST, FRONT END AT ANGLE",1,0,Clear or Partly Cloudy,Dry,Dark - Street Lights Off,0,0,Vehicle - Pedalcyclist,0,0,47.615238069418275,-122.3204094313228
0,1,Cycles,0,0,1,1,,NOT ENOUGH INFORMATION / NOT APPLICABLE,0,0,Clear or Partly Cloudy,Dry,Daylight,0,0,Vehicle - Pedalcyclist,0,1,47.684381650287456,-122.35529799071956
1,1,Cycles,2,0,1,1,At Intersection (intersection related),"MOTOR VEHICLE STRUCK PEDALCYCLIST, FRONT END AT ANGLE",0,0,Clear or Partly Cloudy,Dry,Dark - Street Lights On,1,0,Vehicle - Pedalcyclist,0,0,47.65957519296524,-122.3445793726473
1,1,Angles,1,0,1,1,At Intersection (intersection related),NOT ENOUGH INFORMATION / NOT APPLICABLE,0,0,Clear or Partly Cloudy,Dry,Daylight,0,0,Entering at angle,0,0,47.708721227181975,-122.35681438552156
1,1,Cycles,2,0,1,1,At Intersection (intersection related),"MOTOR VEHICLE STRUCK PEDALCYCLIST, FRONT END AT ANGLE",0,0,Overcast,Dry,Daylight,0,0,Vehicle - Pedalcyclist,1,0,47.653399440542536,-122.31333457571534
0,1,Cycles,2,0,1,1,Mid-Block (not related to intersection),PEDALCYCLIST STRUCK MOTOR VEHICLE FRONT END AT ANGLE,1,0,Clear or Partly Cloudy,Dry,Dark - Street Lights On,0,0,Vehicle - Pedalcyclist,0,0,47.627747868684644,-122.32021599641595
1,1,Cycles,2,0,1,1,At Intersection (intersection related),"MOTOR VEHICLE STRUCK PEDALCYCLIST, FRONT END AT ANGLE",0,0,Clear or Partly Cloudy,Dry,Daylight,0,0,Vehicle - Pedalcyclist,0,0,47.670921160278084,-122.39287094056515
1,1,Cycles,2,0,1,1,At Intersection (intersection related),"MOTOR VEHICLE STRUCK PEDALCYCLIST, FRONT END AT ANGLE",1,0,Clear or Partly Cloudy,Dry,Daylight,0,0,Vehicle - Pedalcyclist,0,0,47.65033189245205,-122.38198969938105
0,0,Cycles,0,0,1,1,Mid-Block (but intersection related),PEDALCYCLIST STRUCK MOTOR VEHICLE REAR END,0,0,Clear or Partly Cloudy,Dry,Daylight,0,0,Vehicle - Pedalcyclist,0,0,47.609780570210454,-122.33935700687486
0,1,Cycles,1,0,1,0,Mid-Block (not related to intersection),PEDALCYCLIST OVERTURNED IN ROAD,0,0,Raining,Wet,Dawn,0,0,Vehicle - Pedalcyclist,0,0,47.65202472754186,-122.32092404908016
1,1,Cycles,2,0,1,1,At Intersection (intersection related),"MOTOR VEHICLE STRUCK PEDALCYCLIST, FRONT END AT ANGLE",0,0,Unknown,Unknown,Unknown,1,0,Vehicle - Pedalcyclist,1,0,47.653399440542536,-122.31333457571534
1,0,Cycles,5,0,1,1,At Intersection (intersection related),NOT ENOUGH INFORMATION / NOT APPLICABLE,0,0,Clear or Partly Cloudy,Wet,Dark - Street Lights On,0,0,Vehicle - Pedalcyclist,0,0,47.609685420831354,-122.33466559753744
1,1,Cycles,3,0,1,1,At Intersection (intersection related),"MOTOR VEHICLE STRUCK PEDALCYCLIST, FRONT END AT ANGLE",0,0,Clear or Partly Cloudy,Dry,Daylight,0,0,Vehicle - Pedalcyclist,0,0,47.639530077717936,-122.30208058106712
1,1,Cycles,2,0,1,1,At Intersection (intersection related),PEDALCYCLIST STRUCK MOTOR VEHICLE FRONT END AT ANGLE,0,0,Clear or Partly Cloudy,Dry,Dark - Street Lights On,0,0,Vehicle - Pedalcyclist,0,0,47.60085285869736,-122.31696510420994
1,1,Cycles,2,0,1,1,At Intersection (intersection related),"MOTOR VEHICLE STRUCK PEDALCYCLIST, FRONT END AT ANGLE",0,0,Clear or Partly Cloudy,Dry,Daylight,0,0,Vehicle - Pedalcyclist,0,0,47.60004611083184,-122.33591076464307
0,1,Cycles,2,0,1,1,Driveway Junction,"MOTOR VEHICLE STRUCK PEDALCYCLIST, FRONT END AT ANGLE",0,0,Overcast,Dry,Daylight,0,0,Vehicle - Pedalcyclist,0,0,47.580854535232284,-122.33420024808396