block_intersection,severity_code,collision_type,person_count,ped_count,pedcyl_count,veh_count,junction_type,sdot_coldesc,in_attention,under_infl,weather,road_cond,light_cond,ped_right_way,speeding,s._col_desc,crosswalkkey,hit_parked_car,latitude,longitude
1,1,Cycles,2,0,1,1,At Intersection (intersection related),"MOTOR VEHICLE STRUCK PEDALCYCLIST, FRONT END AT ANGLE",0,0,Overcast,Dry,Dusk,0,0,Vehicle - Pedalcyclist,0,0,47.65613586531178,-122.38551131624158
0,0,Cycles,2,0,1,1,Mid-Block (not related to intersection),"MOTOR VEHICLE STRUCK PEDALCYCLIST, FRONT END AT ANGLE",0,0,Clear or Partly Cloudy,Dry,Daylight,1,0,Vehicle - Pedalcyclist,0,0,47.70233063728874,-122.33452572611755
0,1,Cycles,2,0,1,1,Driveway Junction,PEDALCYCLIST STRUCK MOTOR VEHICLE FRONT END AT ANGLE,0,0,Overcast,Dry,Daylight,0,1,Vehicle - Pedalcyclist,0,0,47.672722856596316,-122.37621107217292
1,1,Cycles,2,0,1,1,At Intersection (intersection related),"MOTOR VEHICLE STRUCK PEDALCYCLIST, FRONT END AT ANGLE",0,0,Clear or Partly Cloudy,Dry,Daylight,0,0,Vehicle - Pedalcyclist,0,0,47.63766086399764,-122.37614275872829
1,1,Cycles,2,0,1,1,At Intersection (intersection related),PEDALCYCLIST STRUCK MOTOR VEHICLE FRONT END AT ANGLE,0,0,Clear or Partly Cloudy,Dry,Dark - Street Lights On,0,0,Vehicle - Pedalcyclist,0,0,47.61403982280334,-122.34565345699836
1,1,Cycles,2,0,1,1,At Intersection (intersection related),PEDALCYCLIST STRUCK MOTOR VEHICLE FRONT END AT ANGLE,0,0,Clear or Partly Cloudy,Dry,Daylight,0,0,Vehicle - Pedalcyclist,0,0,47.68911276551052,-122.3445144354172
0,1,Cycles,2,0,1,1,Mid-Block (not related to intersection),"MOTOR VEHICLE STRUCK PEDALCYCLIST, FRONT END AT ANGLE",0,0,Clear or Partly Cloudy,Dry,Daylight,1,0,Vehicle - Pedalcyclist,0,0,47.66813983389346,-122.3855784362713
0,1,Cycles,2,0,1,1,Driveway Junction,"MOTOR VEHICLE STRUCK PEDALCYCLIST, FRONT END AT ANGLE",0,0,Overcast,Dry,Daylight,1,0,Vehicle - Pedalcyclist,0,0,47.60233101679013,-122.28498130977428
0,1,Cycles,2,0,1,1,Mid-Block (not related to intersection),"MOTOR VEHICLE STRUCK PEDALCYCLIST, FRONT END AT ANGLE",0,0,Overcast,Dry,Daylight,1,0,Vehicle - Pedalcyclist,0,0,47.610445255664025,-122.33613044666157
0,1,Cycles,2,0,1,1,Mid-Block (not related to intersection),PEDALCYCLIST STRUCK MOTOR VEHICLE LEFT SIDE AT ANGLE,1,0,Clear or Partly Cloudy,Dry,Daylight,0,0,Vehicle - Pedalcyclist,0,0,47.6972339047704,-122.32307956696381
1,0,Cycles,3,0,1,1,At Intersection (intersection related),"MOTOR VEHICLE STRUCK PEDALCYCLIST, FRONT END AT ANGLE",0,0,Clear or Partly Cloudy,Dry,Dark - Street Lights On,1,0,Vehicle - Pedalcyclist,0,0,47.63840322495143,-122.32007129508058
0,0,Cycles,2,0,1,1,Driveway Junction,PEDALCYCLIST STRUCK MOTOR VEHICLE FRONT END AT ANGLE,0,0,Clear or Partly Cloudy,Dry,Daylight,0,0,Vehicle - Pedalcyclist,0,0,47.561088978709,-122.36353918012944
1,1,Cycles,2,0,1,1,At Intersection (intersection related),"MOTOR VEHICLE STRUCK PEDALCYCLIST, FRONT END AT ANGLE",0,0,Clear or Partly Cloudy,Dry,Dark - Street Lights On,1,0,Vehicle - Pedalcyclist,0,0,47.66851834819447,-122.29506361364314
1,1,Cycles,2,0,1,1,At Intersection (intersection related),"MOTOR VEHICLE STRUCK MOTOR VEHICLE, FRONT END AT ANGLE",0,0,Overcast,Dry,Dawn,1,0,Vehicle - Pedalcyclist,0,0,47.62504920326732,-122.32089298819996
0,1,Cycles,2,0,1,1,Driveway Junction,"MOTOR VEHICLE STRUCK PEDALCYCLIST, FRONT END AT ANGLE",0,0,Clear or Partly Cloudy,Dry,Daylight,0,0,Vehicle - Pedalcyclist,0,0,47.613295215899704,-122.33259897598568
1,0,Cycles,2,0,1,1,At Intersection (intersection related),"MOTOR VEHICLE STRUCK PEDALCYCLIST, FRONT END AT ANGLE",0,0,Clear or Partly Cloudy,Dry,Daylight,1,0,Vehicle - Pedalcyclist,0,0,47.68153242189369,-122.31534594589813
1,2,Cycles,2,0,1,1,At Intersection (intersection related),"MOTOR VEHICLE STRUCK PEDALCYCLIST, FRONT END AT ANGLE",0,0,Clear or Partly Cloudy,Dry,Daylight,1,0,Vehicle - Pedalcyclist,0,0,47.713878096852255,-122.3017724316402
0,1,Cycles,2,0,1,1,Mid-Block (not related to intersection),"MOTOR VEHICLE STRUCK PEDALCYCLIST, FRONT END AT ANGLE",0,0,Clear or Partly Cloudy,Dry,Daylight,0,0,Vehicle - Pedalcyclist,0,0,47.52305433954042,-122.31899208242872
1,2,Cycles,2,0,1,1,At Intersection (intersection related),"MOTOR VEHICLE STRUCK PEDALCYCLIST, FRONT END AT ANGLE",0,0,Clear or Partly Cloudy,Dry,Daylight,1,0,Vehicle - Pedalcyclist,0,0,47.61160634961557,-122.333353807343
0,1,Cycles,2,0,1,1,Mid-Block (not related to intersection),"MOTOR VEHICLE STRUCK PEDALCYCLIST, REAR END",0,0,Clear or Partly Cloudy,Dry,Daylight,1,0,Vehicle - Pedalcyclist,0,0,47.57887321646986,-122.28369058723595
1,1,Cycles,2,0,1,1,At Intersection (intersection related),"MOTOR VEHICLE STRUCK PEDALCYCLIST, FRONT END AT ANGLE",1,0,Clear or Partly Cloudy,Dry,Daylight,0,0,Vehicle - Pedalcyclist,0,0,47.62719238596771,-122.3566895551185
1,1,Cycles,2,0,1,1,At Intersection (intersection related),PEDALCYCLIST STRUCK MOTOR VEHICLE FRONT END AT ANGLE,0,0,Clear or Partly Cloudy,Dry,Dark - Street Lights On,0,0,Vehicle - Pedalcyclist,0,0,47.67577636514592,-122.2983993243213
1,2,Cycles,2,0,1,1,At Intersection (intersection related),"MOTOR VEHICLE STRUCK PEDALCYCLIST, FRONT END AT ANGLE",0,0,Raining,Wet,Daylight,1,0,Vehicle - Pedalcyclist,0,0,47.61273574843943,-122.3220859035964
1,1,Cycles,3,0,1,1,At Intersection (intersection related),"MOTOR VEHICLE STRUCK PEDALCYCLIST, FRONT END AT ANGLE",0,0,Raining,Wet,Daylight,1,0,Vehicle - Pedalcyclist,0,0,47.66292074397728,-122.36400075351892
1,0,Cycles,2,0,1,1,At Intersection (intersection related),PEDALCYCLIST STRUCK MOTOR VEHICLE FRONT END AT ANGLE,0,0,Clear or Partly Cloudy,Dry,Daylight,0,0,Vehicle - Pedalcyclist,0,0,47.57141301795942,-122.3488003873795
1,1,Cycles,2,0,1,1,At Intersection (intersection related),"MOTOR VEHICLE STRUCK PEDALCYCLIST, FRONT END AT ANGLE",0,0,Raining,Wet,Dark - Street Lights On,0,0,Vehicle - Pedalcyclist,0,0,47.67386526715344,-122.35436969309963
1,1,Cycles,2,0,1,1,At Intersection (intersection related),"MOTOR VEHICLE STRUCK PEDALCYCLIST, FRONT END AT ANGLE",1,0,Overcast,Dry,Daylight,1,0,Vehicle - Pedalcyclist,0,0,47.62469377702693,-122.33428796866356
1,1,Cycles,2,0,1,1,At Intersection (intersection related),"MOTOR VEHICLE STRUCK PEDALCYCLIST, FRONT END AT ANGLE",0,0,Clear or Partly Cloudy,Dry,Daylight,0,0,Vehicle - Pedalcyclist,0,0,47.66134940346185,-122.32617895782892
1,1,Cycles,2,0,1,1,At Intersection (intersection related),"MOTOR VEHICLE STRUCK PEDALCYCLIST, FRONT END AT ANGLE",0,0,Clear or Partly Cloudy,Dry,Daylight,1,0,Vehicle - Pedalcyclist,0,0,47.63840322495143,-122.32007129508058
1,1,Cycles,2,0,1,1,At Intersection (intersection related),"MOTOR VEHICLE STRUCK PEDALCYCLIST, FRONT END AT ANGLE",0,0,Raining,Wet,Daylight,1,0,Vehicle - Pedalcyclist,0,0,47.702902264475696,-122.35273957557855
1,1,Cycles,2,0,1,1,At Intersection (intersection related),"MOTOR VEHICLE STRUCK PEDALCYCLIST, FRONT END AT ANGLE",0,0,Clear or Partly Cloudy,Dry,Daylight,1,0,Vehicle - Pedalcyclist,0,0,47.678757570659,-122.32498923023235
1,2,Cycles,2,0,1,1,At Intersection (intersection related),"MOTOR VEHICLE STRUCK PEDALCYCLIST, FRONT END AT ANGLE",0,0,Clear or Partly Cloudy,Dry,Daylight,1,0,Vehicle - Pedalcyclist,0,0,47.612909621074635,-122.3062455482968
0,1,Cycles,2,0,1,1,Mid-Block (not related to intersection),PEDALCYCLIST STRUCK MOTOR VEHICLE FRONT END AT ANGLE,0,0,Clear or Partly Cloudy,Dry,Dusk,0,0,Vehicle - Pedalcyclist,0,0,47.60651901650144,-122.31678037851285
0,1,Cycles,2,0,1,1,Mid-Block (not related to intersection),"MOTOR VEHICLE STRUCK MOTOR VEHICLE, LEFT SIDE SIDESWIPE",1,0,Overcast,Dry,Daylight,0,0,Vehicle - Pedalcyclist,0,0,47.67396072401391,-122.30064519165957
0,1,Cycles,2,0,1,1,Mid-Block (not related to intersection),"MOTOR VEHICLE STRUCK PEDALCYCLIST, FRONT END AT ANGLE",0,0,Clear or Partly Cloudy,Wet,Dark - Street Lights On,0,0,Vehicle - Pedalcyclist,0,0,47.67018833301244,-122.38886319442128
1,1,Cycles,3,0,1,1,At Intersection (intersection related),"MOTOR VEHICLE STRUCK PEDALCYCLIST, FRONT END AT ANGLE",0,0,Clear or Partly Cloudy,Dry,Daylight,0,0,Vehicle - Pedalcyclist,0,0,47.656834220462564,-122.31324600840885
1,1,Cycles,2,0,1,1,At Intersection (intersection related),"MOTOR VEHICLE STRUCK PEDALCYCLIST, FRONT END AT ANGLE",0,0,Clear or Partly Cloudy,Dry,Daylight,0,0,Vehicle - Pedalcyclist,0,0,47.615160157872104,-122.33961434908302
1,1,Cycles,2,0,1,1,At Intersection (intersection related),PEDALCYCLIST STRUCK MOTOR VEHICLE LEFT SIDE SIDESWIPE,0,0,Clear or Partly Cloudy,Dry,Daylight,0,0,Vehicle - Pedalcyclist,0,0,47.61239802571792,-122.34089245510886
0,0,Cycles,2,0,1,1,Mid-Block (but intersection related),"MOTOR VEHICLE STRUCK PEDALCYCLIST, REAR END",1,0,Clear or Partly Cloudy,Dry,Daylight,0,0,Vehicle - Pedalcyclist,0,0,47.61661180923626,-122.3331489800814
0,1,Cycles,2,0,1,1,Driveway Junction,"MOTOR VEHICLE STRUCK PEDALCYCLIST, FRONT END AT ANGLE",0,0,Clear or Partly Cloudy,Dry,Daylight,1,0,Vehicle - Pedalcyclist,0,0,47.63498698711708,-122.34228517989064
0,2,Cycles,2,0,1,1,Driveway Junction,"MOTOR VEHICLE STRUCK PEDALCYCLIST, FRONT END AT ANGLE",0,0,Clear or Partly Cloudy,Dry,Daylight,1,0,Vehicle - Pedalcyclist,0,0,47.64847111520998,-122.38669609234327
0,1,Cycles,2,0,1,1,Mid-Block (not related to intersection),"MOTOR VEHICLE STRUCK PEDALCYCLIST, FRONT END AT ANGLE",0,0,Clear or Partly Cloudy,Dry,Daylight,0,0,Vehicle - Pedalcyclist,0,0,47.65202472754186,-122.32092404908016
1,1,Cycles,2,0,1,1,At Intersection (intersection related),PEDALCYCLIST STRUCK MOTOR VEHICLE FRONT END AT ANGLE,0,0,Clear or Partly Cloudy,Dry,Daylight,0,0,Vehicle - Pedalcyclist,0,0,47.575229625587596,-122.28770682093365
1,1,Cycles,2,0,1,1,At Intersection (intersection related),"MOTOR VEHICLE STRUCK PEDALCYCLIST, FRONT END AT ANGLE",0,0,Clear or Partly Cloudy,Dry,Daylight,1,0,Vehicle - Pedalcyclist,0,0,47.61260645701254,-122.34521327139605
0,1,Cycles,3,0,1,1,Mid-Block (not related to intersection),PEDALCYCLIST STRUCK MOTOR VEHICLE RIGHT SIDE SIDESWIPE,0,0,Clear or Partly Cloudy,Dry,Daylight,0,0,Vehicle - Pedalcyclist,0,0,47.62139831384432,-122.32914562785629
0,1,Cycles,3,0,1,1,Mid-Block (but intersection related),PEDALCYCLIST STRUCK MOTOR VEHICLE RIGHT SIDE SIDESWIPE,0,0,Clear or Partly Cloudy,Dry,Daylight,0,0,Vehicle - Pedalcyclist,0,0,47.60220929607378,-122.33089641482124
0,1,Cycles,2,0,1,1,Driveway Junction,"MOTOR VEHICLE STRUCK PEDALCYCLIST, FRONT END AT ANGLE",0,0,Overcast,Dry,Daylight,0,0,Vehicle - Pedalcyclist,0,0,47.73412856334121,-122.34569997670349
1,1,Cycles,2,0,1,1,At Intersection (intersection related),"MOTOR VEHICLE STRUCK PEDALCYCLIST, FRONT END AT ANGLE",0,0,Clear or Partly Cloudy,Dry,Dark - Street Lights On,0,0,Vehicle - Pedalcyclist,0,0,47.67529516882762,-122.3543497852818
1,1,Cycles,3,0,1,1,At Intersection (intersection related),PEDALCYCLIST STRUCK MOTOR VEHICLE FRONT END AT ANGLE,0,0,Clear or Partly Cloudy,Dry,Daylight,0,0,Vehicle - Pedalcyclist,0,0,47.57313079829,-122.37815976841215
0,1,Cycles,3,0,1,1,Driveway Junction,PEDALCYCLIST STRUCK MOTOR VEHICLE FRONT END AT ANGLE,0,0,Clear or Partly Cloudy,Dry,Daylight,0,0,Vehicle - Pedalcyclist,0,0,47.673452037117436,-122.37621097745935
0,1,Cycles,2,0,1,1,Mid-Block (not related to intersection),"MOTOR VEHICLE STRUCK PEDALCYCLIST, FRONT END AT ANGLE",0,0,Clear or Partly Cloudy,Dry,Daylight,1,0,Vehicle - Pedalcyclist,0,0,47.65315075416105,-122.40090243471388
1,1,Cycles,2,0,1,1,At Intersection (intersection related),PEDALCYCLIST STRUCK MOTOR VEHICLE FRONT END AT ANGLE,0,0,Raining,Wet,Dark - Street Lights On,0,0,Vehicle - Pedalcyclist,0,0,47.68692953892702,-122.34045581877588
0,1,Cycles,2,0,1,1,Driveway Junction,"MOTOR VEHICLE STRUCK PEDALCYCLIST, FRONT END AT ANGLE",0,0,Overcast,Dry,Daylight,1,0,Vehicle - Pedalcyclist,0,0,47.62388537142114,-122.34235544630623
1,1,Cycles,2,0,1,1,At Intersection (intersection related),PEDALCYCLIST STRUCK MOTOR VEHICLE FRONT END AT ANGLE,0,0,Overcast,Wet,Dark - Street Lights On,1,0,Vehicle - Pedalcyclist,0,0,47.66212734235389,-122.3460888005784
0,1,Cycles,2,0,1,1,Mid-Block (not related to intersection),"MOTOR VEHICLE STRUCK PEDALCYCLIST, FRONT END AT ANGLE",1,0,Overcast,Wet,Daylight,0,0,Vehicle - Pedalcyclist,0,0,47.68304844221176,-122.29102051597832
1,1,Cycles,2,0,1,1,At Intersection (intersection related),PEDALCYCLIST STRUCK MOTOR VEHICLE FRONT END AT ANGLE,1,0,Clear or Partly Cloudy,Dry,Daylight,0,0,Vehicle - Pedalcyclist,0,0,47.61253536978686,-122.331133851864
1,1,Cycles,2,0,1,1,At Intersection (intersection related),PEDALCYCLIST STRUCK MOTOR VEHICLE FRONT END AT ANGLE,1,0,Clear or Partly Cloudy,Dry,Daylight,0,0,Vehicle - Pedalcyclist,0,0,47.63356858339225,-122.38698753951569
1,0,Cycles,2,0,1,1,At Intersection (intersection related),PEDALCYCLIST STRUCK MOTOR VEHICLE FRONT END AT ANGLE,0,0,Clear or Partly Cloudy,Dry,Unknown,0,0,Vehicle - Pedalcyclist,0,0,47.61293562970684,-122.29750018240736
0,1,Cycles,2,0,1,1,Driveway Junction,"MOTOR VEHICLE STRUCK PEDALCYCLIST, FRONT END AT ANGLE",0,0,Raining,Wet,Daylight,1,0,Vehicle - Pedalcyclist,0,0,47.62669856751781,-122.34233050695565
1,1,Cycles,2,0,1,1,At Intersection (intersection related),"MOTOR VEHICLE STRUCK PEDALCYCLIST, FRONT END AT ANGLE",0,0,Clear or Partly Cloudy,Dry,Daylight,1,0,Vehicle - Pedalcyclist,0,0,47.6329991107635,-122.34228237237309
1,1,Cycles,2,0,1,1,At Intersection (intersection related),"MOTOR VEHICLE STRUCK PEDALCYCLIST, FRONT END AT ANGLE",0,0,Clear or Partly Cloudy,Dry,Daylight,1,0,Vehicle - Pedalcyclist,0,0,47.59583330499116,-122.32376363084964
1,0,Cycles,2,0,1,1,At Intersection (intersection related),"MOTOR VEHICLE STRUCK PEDALCYCLIST, FRONT END AT ANGLE",0,0,Clear or Partly Cloudy,Dry,Daylight,1,0,Vehicle - Pedalcyclist,0,0,47.60512615150692,-122.33049384171488
0,1,Cycles,4,0,2,1,Driveway Junction,"MOTOR VEHICLE STRUCK PEDALCYCLIST, FRONT END AT ANGLE",0,0,Clear or Partly Cloudy,Dry,Daylight,1,0,Vehicle - Pedalcyclist,0,0,47.52704456985138,-122.26998428262644
1,1,Cycles,3,0,1,1,At Intersection (intersection related),"MOTOR VEHICLE STRUCK PEDALCYCLIST, FRONT END AT ANGLE",0,0,Clear or Partly Cloudy,Dry,Daylight,0,0,Vehicle - Pedalcyclist,0,0,47.70217002326722,-122.3500419554763
1,1,Cycles,2,0,1,1,At Intersection (intersection related),"MOTOR VEHICLE STRUCK MOTOR VEHICLE, FRONT END AT ANGLE",0,0,Clear or Partly Cloudy,Dry,Daylight,1,0,Vehicle - Pedalcyclist,0,0,47.67960648836892,-122.35532276846816
0,1,Cycles,2,0,1,1,Mid-Block (not related to intersection),PEDALCYCLIST STRUCK MOTOR VEHICLE LEFT SIDE SIDESWIPE,0,0,Clear or Partly Cloudy,Dry,Daylight,0,0,Vehicle - Pedalcyclist,0,0,47.580671239463435,-122.40659696543509
1,1,Cycles,3,0,1,1,At Intersection (intersection related),PEDALCYCLIST STRUCK MOTOR VEHICLE FRONT END AT ANGLE,0,0,Clear or Partly Cloudy,Dry,Daylight,0,0,Vehicle - Pedalcyclist,0,0,47.57874046371157,-122.4119646114925
0,1,Cycles,2,0,1,1,Mid-Block (not related to intersection),PEDALCYCLIST STRUCK MOTOR VEHICLE FRONT END AT ANGLE,0,0,Overcast,Dry,Daylight,0,0,Vehicle - Pedalcyclist,0,0,47.601701922953254,-122.32159412317623
1,1,Cycles,2,0,1,1,At Intersection (intersection related),PEDALCYCLIST STRUCK MOTOR VEHICLE FRONT END AT ANGLE,0,0,Clear or Partly Cloudy,Dry,Daylight,0,0,Vehicle - Pedalcyclist,0,0,47.69424969498025,-122.37679920082684
1,1,Cycles,2,0,1,1,At Intersection (intersection related),"MOTOR VEHICLE STRUCK PEDALCYCLIST, FRONT END AT ANGLE",0,0,Clear or Partly Cloudy,Dry,Daylight,1,0,Vehicle - Pedalcyclist,0,0,47.60166729869864,-122.30233880190495
0,0,Cycles,2,0,1,1,Mid-Block (not related to intersection),"MOTOR VEHICLE STRUCK PEDALCYCLIST, REAR END",0,0,Clear or Partly Cloudy,Dry,Daylight,0,0,Vehicle - Pedalcyclist,0,0,47.60905233418724,-122.33946028088049
0,1,Cycles,2,0,1,1,Mid-Block (not related to intersection),"MOTOR VEHICLE STRUCK PEDALCYCLIST, FRONT END AT ANGLE",0,0,Clear or Partly Cloudy,Dry,Daylight,0,0,Vehicle - Pedalcyclist,0,0,47.6597657298535,-122.34457721934031
1,1,Cycles,2,0,1,1,At Intersection (intersection related),"MOTOR VEHICLE STRUCK PEDALCYCLIST, FRONT END AT ANGLE",0,0,Clear or Partly Cloudy,Dry,Daylight,0,0,Vehicle - Pedalcyclist,0,0,47.66444733589821,-122.29561786302312
1,1,Cycles,2,0,1,1,At Intersection (intersection related),"MOTOR VEHICLE STRUCK PEDALCYCLIST, FRONT END AT ANGLE",0,0,Clear or Partly Cloudy,Dry,Daylight,0,0,Vehicle - Pedalcyclist,0,0,47.65297596413605,-122.31246414473328
1,1,Cycles,2,0,1,1,At Intersection (intersection related),"MOTOR VEHICLE STRUCK PEDALCYCLIST, FRONT END AT ANGLE",0,0,Clear or Partly Cloudy,Dry,Daylight,1,0,Vehicle - Pedalcyclist,0,0,47.604661558350756,-122.33160430850334
0,1,Cycles,2,0,1,1,Mid-Block (not related to intersection),"MOTOR VEHICLE STRUCK PEDALCYCLIST, FRONT END AT ANGLE",0,0,Overcast,Wet,Daylight,0,0,Vehicle - Pedalcyclist,0,0,47.57887321646986,-122.28369058723595
0,0,Cycles,2,0,1,1,Mid-Block (not related to intersection),"MOTOR VEHICLE STRUCK PEDALCYCLIST, LEFT SIDE SIDESWIPE",0,0,Clear or Partly Cloudy,Unknown,Daylight,0,0,Vehicle - Pedalcyclist,0,0,47.686938480525896,-122.36198588727372
1,1,Cycles,3,0,1,1,At Intersection (intersection related),"MOTOR VEHICLE STRUCK PEDALCYCLIST, FRONT END AT ANGLE",0,0,Raining,Wet,Dark - Street Lights On,0,0,Vehicle - Pedalcyclist,0,0,47.615368916686144,-122.34393441251535
0,1,Cycles,1,0,1,0,Mid-Block (not related to intersection),PEDALCYCLIST STRUCK OBJECT IN ROAD,0,0,Clear or Partly Cloudy,Dry,Daylight,0,0,Vehicle - Pedalcyclist,0,0,47.65341193706911,-122.3425383690312
1,2,Cycles,2,0,1,1,At Intersection (intersection related),"MOTOR VEHICLE STRUCK PEDALCYCLIST, FRONT END AT ANGLE",0,0,Clear or Partly Cloudy,Dry,Daylight,0,0,Vehicle - Pedalcyclist,0,0,47.64958972852735,-122.34974744884168
1,1,Cycles,2,0,1,1,At Intersection (intersection related),"MOTOR VEHICLE STRUCK PEDALCYCLIST, FRONT END AT ANGLE",0,0,Clear or Partly Cloudy,Dry,Daylight,1,0,Vehicle - Pedalcyclist,0,0,47.523042181246126,-122.31496810830735
1,1,Cycles,3,0,1,2,At Intersection (intersection related),"MOTOR VEHICLE STRUCK PEDALCYCLIST, FRONT END AT ANGLE",0,0,Clear or Partly Cloudy,Dry,Daylight,1,0,Vehicle - Pedalcyclist,0,0,47.65082920711631,-122.36087725545349
1,2,Cycles,2,0,1,1,At Intersection (intersection related),"MOTOR VEHICLE STRUCK PEDALCYCLIST, FRONT END AT ANGLE",0,0,Overcast,Wet,Dark - Street Lights On,0,0,Vehicle - Pedalcyclist,0,0,47.66139442661329,-122.35003951084462
1,0,Cycles,2,0,1,1,At Intersection (intersection related),"MOTOR VEHICLE STRUCK PEDALCYCLIST, FRONT END AT ANGLE",0,0,Clear or Partly Cloudy,Wet,Daylight,1,0,Vehicle - Pedalcyclist,0,0,47.52078703197172,-122.3902215685216
0,1,Cycles,2,1,1,0,Mid-Block (not related to intersection),PEDALCYCLIST STRUCK PEDESTRIAN,0,0,Clear or Partly Cloudy,Dry,Daylight,1,0,Vehicle - Pedalcyclist,0,0,47.60572988950646,-122.33258176468016
1,2,Cycles,2,0,1,1,At Intersection (intersection related),"MOTOR VEHICLE STRUCK PEDALCYCLIST, FRONT END AT ANGLE",0,0,Clear or Partly Cloudy,Dry,Daylight,1,0,Vehicle - Pedalcyclist,0,0,47.615254391446285,-122.31815943391057
0,1,Cycles,4,0,1,1,Mid-Block (not related to intersection),PEDALCYCLIST STRUCK MOTOR VEHICLE FRONT END AT ANGLE,0,0,Clear or Partly Cloudy,Dry,Daylight,1,0,Vehicle - Pedalcyclist,0,0,47.53616843234032,-122.33352700324068
1,1,Cycles,3,0,1,2,At Intersection (intersection related),"MOTOR VEHICLE STRUCK PEDALCYCLIST, FRONT END AT ANGLE",0,0,Clear or Partly Cloudy,Dry,Daylight,0,0,Vehicle - Pedalcyclist,0,0,47.66125925264302,-122.309512235782
0,1,Cycles,2,0,1,1,Mid-Block (not related to intersection),PEDALCYCLIST STRUCK MOTOR VEHICLE FRONT END AT ANGLE,0,0,Clear or Partly Cloudy,Dry,Daylight,0,0,Vehicle - Pedalcyclist,0,0,47.66365981175864,-122.37217813906281
1,1,Cycles,2,0,1,1,At Intersection (intersection related),"MOTOR VEHICLE STRUCK PEDALCYCLIST, FRONT END AT ANGLE",0,0,Clear or Partly Cloudy,Dry,Dark - No Street Lights,0,0,Vehicle - Pedalcyclist,0,0,47.53695787759902,-122.27027401651137
0,1,Cycles,2,0,1,1,Mid-Block (but intersection related),"MOTOR VEHICLE STRUCK PEDALCYCLIST, REAR END",1,0,Clear or Partly Cloudy,Dry,Daylight,0,0,Vehicle - Pedalcyclist,0,0,47.64846994197255,-122.37712693439207
0,1,Cycles,2,0,1,1,Mid-Block (not related to intersection),PEDALCYCLIST STRUCK MOTOR VEHICLE FRONT END AT ANGLE,0,0,Clear or Partly Cloudy,Dry,Daylight,1,0,Vehicle - Pedalcyclist,0,0,47.612109989989754,-122.32076121797354
0,2,Cycles,2,0,1,1,Mid-Block (not related to intersection),"MOTOR VEHICLE STRUCK PEDALCYCLIST, LEFT SIDE SIDESWIPE",0,0,Clear or Partly Cloudy,Dry,Daylight,0,0,Vehicle - Pedalcyclist,0,0,47.56381410056913,-122.36333748031765
1,1,Cycles,2,0,1,1,At Intersection (intersection related),"MOTOR VEHICLE STRUCK PEDALCYCLIST, FRONT END AT ANGLE",0,0,Raining,Wet,Daylight,0,0,Vehicle - Pedalcyclist,0,0,47.67937219886514,-122.2653146199442
1,1,Cycles,2,0,1,1,At Intersection (intersection related),"MOTOR VEHICLE STRUCK PEDALCYCLIST, FRONT END AT ANGLE",0,0,Clear or Partly Cloudy,Dry,Daylight,1,0,Vehicle - Pedalcyclist,0,0,47.64941986653472,-122.34273258653992
1,0,Cycles,2,0,1,1,At Intersection (intersection related),"MOTOR VEHICLE STRUCK PEDALCYCLIST, FRONT END AT ANGLE",0,0,Overcast,Ice,Daylight,0,0,Vehicle - Pedalcyclist,0,0,47.59928129268522,-122.30223345138604
0,1,Cycles,2,1,1,0,Mid-Block (not related to intersection),PEDALCYCLIST STRUCK PEDESTRIAN,0,0,Unknown,Unknown,Daylight,0,0,Vehicle - Pedalcyclist,0,0,47.70943603867549,-122.30098650435566
1,1,Cycles,2,0,1,1,At Intersection (intersection related),"MOTOR VEHICLE STRUCK PEDALCYCLIST, FRONT END AT ANGLE",0,0,Clear or Partly Cloudy,Dry,Dark - Street Lights On,1,0,Vehicle - Pedalcyclist,0,0,47.61989819980036,-122.3222059875378
1,1,Cycles,2,0,1,1,At Intersection (intersection related),PEDALCYCLIST STRUCK MOTOR VEHICLE FRONT END AT ANGLE,0,0,Clear or Partly Cloudy,Dry,Daylight,1,0,Vehicle - Pedalcyclist,0,0,47.60729905819726,-122.33708679815666
1,1,Cycles,2,0,1,1,At Intersection (intersection related),"MOTOR VEHICLE STRUCK PEDALCYCLIST, FRONT END AT ANGLE",0,0,Clear or Partly Cloudy,Dry,Daylight,1,0,Vehicle - Pedalcyclist,0,0,47.65082920711631,-122.36087725545349
0,1,Cycles,2,0,1,1,Driveway Junction,"MOTOR VEHICLE STRUCK MOTOR VEHICLE, FRONT END AT ANGLE",0,0,Clear or Partly Cloudy,Dry,Daylight,0,0,Vehicle - Pedalcyclist,0,0,47.6388823271211,-122.34103054004385
0,0,Cycles,2,0,1,1,Mid-Block (not related to intersection),PEDALCYCLIST STRUCK MOTOR VEHICLE LEFT SIDE SIDESWIPE,0,0,Clear or Partly Cloudy,Dry,Daylight,0,0,Vehicle - Pedalcyclist,0,0,47.61163826525414,-122.334917384009
1,1,Cycles,2,0,1,1,At Intersection (intersection related),"MOTOR VEHICLE STRUCK PEDALCYCLIST, FRONT END AT ANGLE",0,0,Clear or Partly Cloudy,Dry,Dark - Street Lights On,0,0,Vehicle - Pedalcyclist,0,0,47.62687702695404,-122.3292163090526