block_intersection,severity_code,collision_type,person_count,ped_count,pedcyl_count,veh_count,junction_type,sdot_coldesc,in_attention,under_infl,weather,road_cond,light_cond,ped_right_way,speeding,s._col_desc,crosswalkkey,hit_parked_car,latitude,longitude
1,0,Cycles,2,0,1,1,At Intersection (intersection related),"MOTOR VEHICLE STRUCK PEDALCYCLIST, FRONT END AT ANGLE",0,0,Raining,Wet,Daylight,1,0,Vehicle - Pedalcyclist,0,0,47.60083884240174,-122.30896284831923
1,1,Cycles,2,1,1,0,At Intersection (intersection related),PEDALCYCLIST STRUCK PEDESTRIAN,0,0,Clear or Partly Cloudy,Dry,Daylight,0,0,Vehicle - Pedalcyclist,1,0,47.61120737279311,-122.33759198158764
0,0,Cycles,2,0,1,1,Mid-Block (not related to intersection),PEDALCYCLIST STRUCK MOTOR VEHICLE FRONT END AT ANGLE,1,0,Clear or Partly Cloudy,Dry,Dark - Street Lights On,0,0,Vehicle - Pedalcyclist,0,0,47.54397624455408,-122.38722466789694
0,1,Cycles,2,0,1,1,Mid-Block (but intersection related),"MOTOR VEHICLE STRUCK PEDALCYCLIST, REAR END",1,0,Clear or Partly Cloudy,Dry,Dark - Street Lights On,0,0,Vehicle - Pedalcyclist,0,0,47.67598716394521,-122.38158360969294
1,1,Cycles,2,0,1,1,At Intersection (intersection related),"MOTOR VEHICLE STRUCK PEDALCYCLIST, FRONT END AT ANGLE",0,0,Clear or Partly Cloudy,Dry,Daylight,1,0,Vehicle - Pedalcyclist,0,0,47.603019393440114,-122.33317224593478
1,1,Cycles,3,0,1,1,At Intersection (intersection related),PEDALCYCLIST STRUCK MOTOR VEHICLE FRONT END AT ANGLE,0,0,Clear or Partly Cloudy,Dry,Daylight,0,0,Vehicle - Pedalcyclist,0,0,47.663664352401284,-122.37612339278841
1,2,Cycles,3,0,1,1,At Intersection (intersection related),"MOTOR VEHICLE STRUCK PEDALCYCLIST, FRONT END AT ANGLE",0,0,Clear or Partly Cloudy,Dry,Dark - Street Lights On,1,0,Vehicle - Pedalcyclist,0,0,47.614075666770745,-122.32078036743832
0,0,Cycles,2,0,1,1,Mid-Block (not related to intersection),PEDALCYCLIST STRUCK MOTOR VEHICLE FRONT END AT ANGLE,0,0,Unknown,Unknown,Unknown,0,0,Vehicle - Pedalcyclist,0,0,47.629205173238745,-122.2960570611418
1,1,Cycles,6,0,1,1,At Intersection (intersection related),"MOTOR VEHICLE STRUCK PEDALCYCLIST, FRONT END AT ANGLE",0,0,Overcast,Dry,Daylight,0,0,Vehicle - Pedalcyclist,0,0,47.661359783929186,-122.32826075553051
1,0,Cycles,2,0,1,1,At Intersection (intersection related),PEDALCYCLIST STRUCK MOTOR VEHICLE FRONT END AT ANGLE,0,0,Overcast,Dry,Daylight,0,0,Vehicle - Pedalcyclist,1,0,47.602305601181115,-122.332519439884
1,1,Cycles,3,0,1,1,At Intersection (intersection related),PEDALCYCLIST STRUCK PEDALCYCLIST REAR END,0,0,Overcast,Dry,Daylight,1,0,Vehicle - Pedalcyclist,0,0,47.69735921199168,-122.27762238759277
1,1,Cycles,2,0,1,1,At Intersection (intersection related),NOT ENOUGH INFORMATION / NOT APPLICABLE,0,0,Clear or Partly Cloudy,Dry,Daylight,0,0,Vehicle - Pedalcyclist,0,0,47.6733347762294,-122.31736337490804
0,2,Cycles,5,0,1,1,Mid-Block (but intersection related),PEDALCYCLIST STRUCK MOTOR VEHICLE FRONT END AT ANGLE,1,0,Clear or Partly Cloudy,Dry,Daylight,0,0,Vehicle - Pedalcyclist,0,0,47.66500561749764,-122.32866697076986
1,1,Cycles,2,0,1,1,At Intersection (intersection related),PEDALCYCLIST STRUCK MOTOR VEHICLE FRONT END AT ANGLE,0,0,Overcast,Wet,Daylight,0,0,Vehicle - Pedalcyclist,1,0,47.59920482885765,-122.33418803153756
0,1,Cycles,2,0,1,1,Mid-Block (not related to intersection),"MOTOR VEHICLE STRUCK MOTOR VEHICLE, RIGHT SIDE SIDESWIPE",0,0,Clear or Partly Cloudy,Dry,Daylight,0,0,Vehicle - Pedalcyclist,0,0,47.60823329181037,-122.293652883218
0,1,Cycles,2,0,1,1,Driveway Junction,"MOTOR VEHICLE STRUCK PEDALCYCLIST, FRONT END AT ANGLE",0,0,Clear or Partly Cloudy,Dry,Daylight,1,0,Vehicle - Pedalcyclist,0,0,47.71359991403412,-122.29859196190004
1,0,Cycles,2,0,1,1,At Intersection (intersection related),"MOTOR VEHICLE STRUCK PEDALCYCLIST, FRONT END AT ANGLE",0,0,Overcast,Wet,Daylight,1,0,Vehicle - Pedalcyclist,0,0,47.704920079382546,-122.31779966883806
1,1,Cycles,4,0,1,1,At Intersection (intersection related),PEDALCYCLIST STRUCK MOTOR VEHICLE FRONT END AT ANGLE,0,0,Clear or Partly Cloudy,Dry,Dark - Street Lights On,0,0,Vehicle - Pedalcyclist,0,0,47.603732792609094,-122.33382457188871
1,0,Cycles,2,0,1,1,At Intersection (intersection related),PEDALCYCLIST STRUCK MOTOR VEHICLE REAR END,0,0,Clear or Partly Cloudy,Dry,Daylight,0,0,Vehicle - Pedalcyclist,0,0,47.603781344663716,-122.33842408956005
0,1,Cycles,2,0,1,1,Mid-Block (not related to intersection),"MOTOR VEHICLE STRUCK PEDALCYCLIST, FRONT END AT ANGLE",0,0,Clear or Partly Cloudy,Dry,Daylight,0,0,Vehicle - Pedalcyclist,1,0,47.65448187130049,-122.31446453691488
1,1,Left Turn,2,0,1,1,At Intersection (intersection related),"MOTOR VEHICLE STRUCK PEDALCYCLIST, FRONT END AT ANGLE",0,0,Clear or Partly Cloudy,Dry,Daylight,1,0,From opposite direction - one left turn - one straight,0,0,47.67577817244234,-122.29643184299084
1,1,Cycles,3,0,1,1,At Intersection (intersection related),PEDALCYCLIST STRUCK MOTOR VEHICLE FRONT END AT ANGLE,0,0,Clear or Partly Cloudy,Dry,Dark - Street Lights On,0,0,Vehicle - Pedalcyclist,0,0,47.6177518471047,-122.3383444349012
1,1,Cycles,2,0,1,1,At Intersection (intersection related),PEDALCYCLIST STRUCK MOTOR VEHICLE FRONT END AT ANGLE,0,0,Clear or Partly Cloudy,Dry,Daylight,0,0,Vehicle - Pedalcyclist,0,0,47.68476076048436,-122.3417932321506
0,1,Cycles,3,0,1,1,Mid-Block (not related to intersection),PEDALCYCLIST STRUCK MOTOR VEHICLE FRONT END AT ANGLE,0,0,Clear or Partly Cloudy,Dry,Dusk,0,0,Vehicle - Pedalcyclist,0,0,47.64087739090343,-122.32588991601541
1,0,Cycles,2,0,1,1,At Intersection (intersection related),"MOTOR VEHICLE STRUCK PEDALCYCLIST, FRONT END AT ANGLE",0,0,Raining,Wet,Daylight,1,0,Vehicle - Pedalcyclist,1,0,47.596486014425366,-122.32904622073431
1,0,Cycles,2,0,1,1,At Intersection (but not related to intersection),PEDALCYCLIST STRUCK MOTOR VEHICLE FRONT END AT ANGLE,0,0,Clear or Partly Cloudy,Dry,Daylight,0,0,Vehicle - Pedalcyclist,0,0,47.59449258280885,-122.29657526942768
1,0,Cycles,3,0,1,1,At Intersection (intersection related),"MOTOR VEHICLE STRUCK PEDALCYCLIST, FRONT END AT ANGLE",0,0,Overcast,Dry,Daylight,1,0,Vehicle - Pedalcyclist,1,0,47.66626671821327,-122.30060498001896
0,1,Cycles,2,0,1,1,Mid-Block (but intersection related),"MOTOR VEHICLE STRUCK PEDALCYCLIST, REAR END",1,0,Clear or Partly Cloudy,Dry,Daylight,1,0,Vehicle - Pedalcyclist,0,0,47.647507173206435,-122.37663546534313
0,1,Cycles,2,0,1,1,Mid-Block (not related to intersection),PEDALCYCLIST STRUCK MOTOR VEHICLE REAR END,1,0,Clear or Partly Cloudy,Dry,Daylight,0,0,Vehicle - Pedalcyclist,0,0,47.55942994973936,-122.28211254272314
1,1,Cycles,2,0,1,1,At Intersection (intersection related),PEDALCYCLIST STRUCK MOTOR VEHICLE FRONT END AT ANGLE,0,0,Clear or Partly Cloudy,Dry,Daylight,1,0,Vehicle - Pedalcyclist,0,0,47.66293721890843,-122.36860020067915
1,1,Cycles,2,0,1,1,At Intersection (intersection related),"MOTOR VEHICLE STRUCK PEDALCYCLIST, FRONT END AT ANGLE",0,0,Raining,Wet,Dark - No Street Lights,1,0,Vehicle - Pedalcyclist,0,0,47.68872885722526,-122.37546004954909
0,1,Cycles,2,0,1,1,Mid-Block (not related to intersection),PEDALCYCLIST STRUCK MOTOR VEHICLE FRONT END AT ANGLE,0,0,Clear or Partly Cloudy,Dry,Daylight,0,0,Vehicle - Pedalcyclist,0,0,47.686745060867004,-122.39763993720051
1,1,Cycles,2,0,1,1,At Intersection (intersection related),PEDALCYCLIST STRUCK MOTOR VEHICLE FRONT END AT ANGLE,0,0,Clear or Partly Cloudy,Dry,Dark - Street Lights On,1,0,Vehicle - Pedalcyclist,0,0,47.61156267617347,-122.31677888952036
1,1,Cycles,2,0,1,1,At Intersection (intersection related),PEDALCYCLIST STRUCK MOTOR VEHICLE FRONT END AT ANGLE,0,0,Clear or Partly Cloudy,Dry,Daylight,0,0,Vehicle - Pedalcyclist,1,0,47.57165394163272,-122.34924289488659
1,1,Cycles,3,0,1,1,At Intersection (intersection related),PEDALCYCLIST STRUCK MOTOR VEHICLE FRONT END AT ANGLE,0,1,Raining,Wet,Dark - Street Lights On,1,0,Vehicle - Pedalcyclist,0,0,47.639547112800344,-122.3200628709582
1,1,Cycles,3,0,1,1,At Intersection (intersection related),PEDALCYCLIST STRUCK MOTOR VEHICLE FRONT END AT ANGLE,0,0,Clear or Partly Cloudy,Dry,Daylight,0,1,Vehicle - Pedalcyclist,1,0,47.57863325352103,-122.31335343250583
1,1,Cycles,2,0,1,1,At Intersection (intersection related),"MOTOR VEHICLE STRUCK PEDALCYCLIST, FRONT END AT ANGLE",0,0,Overcast,Dry,Dark - Street Lights On,1,0,Vehicle - Pedalcyclist,0,0,47.61788948020937,-122.35415335423576
0,1,Cycles,3,0,1,1,Mid-Block (not related to intersection),PEDALCYCLIST STRUCK MOTOR VEHICLE REAR END,0,0,Clear or Partly Cloudy,Dry,Daylight,0,0,Vehicle - Pedalcyclist,0,0,47.70978682025138,-122.32331016805318
1,1,Cycles,2,0,1,1,At Intersection (intersection related),PEDALCYCLIST STRUCK MOTOR VEHICLE FRONT END AT ANGLE,0,0,Clear or Partly Cloudy,Dry,Daylight,0,0,Vehicle - Pedalcyclist,0,0,47.608011077474146,-122.3037215197932
0,1,Cycles,3,0,1,1,Mid-Block (not related to intersection),PEDALCYCLIST STRUCK MOTOR VEHICLE FRONT END AT ANGLE,0,1,Clear or Partly Cloudy,Dry,Dark - Street Lights On,1,0,Vehicle - Pedalcyclist,0,0,47.66135727672546,-122.32775751125796
1,2,Cycles,2,0,1,1,At Intersection (intersection related),NOT ENOUGH INFORMATION / NOT APPLICABLE,0,0,Clear or Partly Cloudy,Dry,Daylight,1,0,Vehicle - Pedalcyclist,0,0,47.60515932143504,-122.33512927310603
0,1,Cycles,2,0,1,1,Mid-Block (but intersection related),"MOTOR VEHICLE STRUCK PEDALCYCLIST, FRONT END AT ANGLE",0,0,Clear or Partly Cloudy,Dry,Daylight,1,0,Vehicle - Pedalcyclist,0,0,47.627191362075216,-122.2929898347674
0,1,Cycles,2,0,1,1,Mid-Block (not related to intersection),PEDALCYCLIST STRUCK MOTOR VEHICLE REAR END,0,0,Clear or Partly Cloudy,Dry,Daylight,0,0,Vehicle - Pedalcyclist,0,0,47.54832347275465,-122.35483730700425
0,2,Cycles,2,0,1,1,Mid-Block (not related to intersection),PEDALCYCLIST STRUCK MOTOR VEHICLE LEFT SIDE SIDESWIPE,1,0,Clear or Partly Cloudy,Dry,Dusk,0,0,Vehicle - Pedalcyclist,0,0,47.6822529218508,-122.32843386287823
0,1,Cycles,2,0,1,1,Mid-Block (but intersection related),PEDALCYCLIST STRUCK MOTOR VEHICLE REAR END,1,0,Clear or Partly Cloudy,Dry,Daylight,0,0,Vehicle - Pedalcyclist,0,0,47.601709116817744,-122.3244008995059
1,1,Cycles,2,0,1,1,At Intersection (intersection related),"MOTOR VEHICLE STRUCK PEDALCYCLIST, FRONT END AT ANGLE",0,0,Raining,Wet,Dawn,1,0,Vehicle - Pedalcyclist,0,0,47.64409158852314,-122.34468815203788
1,1,Cycles,2,0,1,1,At Intersection (intersection related),"MOTOR VEHICLE STRUCK PEDALCYCLIST, FRONT END AT ANGLE",0,0,Clear or Partly Cloudy,Dry,Daylight,1,0,Vehicle - Pedalcyclist,0,0,47.668525747833385,-122.30061895388829
1,1,Cycles,2,0,1,1,At Intersection (intersection related),PEDALCYCLIST STRUCK MOTOR VEHICLE FRONT END AT ANGLE,0,0,Clear or Partly Cloudy,Dry,Daylight,1,0,Vehicle - Pedalcyclist,0,0,47.62252025290683,-122.28714692933242
1,1,Cycles,2,0,1,1,At Intersection (intersection related),PEDALCYCLIST STRUCK MOTOR VEHICLE FRONT END AT ANGLE,0,0,Clear or Partly Cloudy,Dry,Daylight,1,0,Vehicle - Pedalcyclist,0,0,47.609814229839344,-122.34092204396556
1,1,Cycles,2,0,1,1,At Intersection (intersection related),PEDALCYCLIST STRUCK MOTOR VEHICLE FRONT END AT ANGLE,0,0,Clear or Partly Cloudy,Dry,Daylight,1,0,Vehicle - Pedalcyclist,0,0,47.58189255181959,-122.32597519362317
1,1,Cycles,2,0,1,1,At Intersection (intersection related),"MOTOR VEHICLE STRUCK PEDALCYCLIST, FRONT END AT ANGLE",0,0,Unknown,Unknown,Daylight,1,0,Vehicle - Pedalcyclist,1,0,47.66867996790295,-122.38636797855473
0,1,Cycles,1,0,1,0,Mid-Block (not related to intersection),PEDALCYCLIST OVERTURNED IN ROAD,0,1,Raining,Wet,Dark - Street Lights On,0,0,Vehicle - Pedalcyclist,0,0,47.61081278507495,-122.29622614608179
1,1,Cycles,2,0,1,1,At Intersection (intersection related),"MOTOR VEHICLE STRUCK PEDALCYCLIST, FRONT END AT ANGLE",0,0,Clear or Partly Cloudy,Dry,Dark - Street Lights On,1,0,Vehicle - Pedalcyclist,0,0,47.60419712075976,-122.33271437934728
1,1,Cycles,2,0,1,1,At Intersection (intersection related),"MOTOR VEHICLE STRUCK PEDALCYCLIST, REAR END",1,0,Raining,Wet,Dark - Street Lights On,0,0,Vehicle - Pedalcyclist,0,0,47.67577850067682,-122.30651871524023
1,1,Cycles,1,0,1,0,At Intersection (intersection related),PEDALCYCLIST OVERTURNED IN ROAD,0,0,Clear or Partly Cloudy,Dry,Daylight,0,0,Vehicle - Pedalcyclist,0,0,47.66365140577966,-122.36619134458485
1,1,Cycles,2,0,1,1,At Intersection (intersection related),"MOTOR VEHICLE STRUCK PEDALCYCLIST, FRONT END AT ANGLE",0,0,Overcast,Dry,Daylight,1,0,Vehicle - Pedalcyclist,0,0,47.594281683773424,-122.31657709205992
1,1,Cycles,2,0,1,1,At Intersection (intersection related),"MOTOR VEHICLE STRUCK PEDALCYCLIST, FRONT END AT ANGLE",0,0,Raining,Wet,Daylight,0,0,Vehicle - Pedalcyclist,0,0,47.59443215095732,-122.30912072499359
0,1,Cycles,2,0,1,1,Mid-Block (not related to intersection),"MOTOR VEHICLE STRUCK PEDALCYCLIST, FRONT END AT ANGLE",0,0,Clear or Partly Cloudy,Dry,Daylight,1,0,Vehicle - Pedalcyclist,0,0,47.58593908987969,-122.31075678969611
0,1,Cycles,2,0,1,1,Mid-Block (not related to intersection),PEDALCYCLIST STRUCK MOTOR VEHICLE FRONT END AT ANGLE,0,0,Clear or Partly Cloudy,Dry,Daylight,1,0,Vehicle - Pedalcyclist,0,0,47.60785918363553,-122.34066884673305
1,1,Cycles,2,0,1,1,At Intersection (intersection related),PEDALCYCLIST STRUCK MOTOR VEHICLE FRONT END AT ANGLE,0,0,Clear or Partly Cloudy,Dry,Dark - Street Lights On,0,0,Vehicle - Pedalcyclist,0,0,47.51747231984826,-122.37551294334959
1,2,Cycles,2,0,1,1,At Intersection (intersection related),PEDALCYCLIST STRUCK MOTOR VEHICLE FRONT END AT ANGLE,0,0,Clear or Partly Cloudy,Dry,Daylight,1,0,Vehicle - Pedalcyclist,1,0,47.57438557857933,-122.334203660664
0,1,Cycles,2,0,1,1,Mid-Block (not related to intersection),"MOTOR VEHICLE STRUCK PEDALCYCLIST, REAR END",0,1,Clear or Partly Cloudy,Dry,Dark - Street Lights On,0,0,Vehicle - Pedalcyclist,0,0,47.61832778522556,-122.33845125540968
1,2,Cycles,5,0,1,1,At Intersection (intersection related),"MOTOR VEHICLE STRUCK PEDALCYCLIST, FRONT END AT ANGLE",0,0,Clear or Partly Cloudy,Dry,Daylight,1,0,Vehicle - Pedalcyclist,0,0,47.635244177361784,-122.30156537450607
1,1,Cycles,2,0,1,1,At Intersection (but not related to intersection),PEDALCYCLIST STRUCK MOTOR VEHICLE FRONT END AT ANGLE,0,0,Clear or Partly Cloudy,Dry,Daylight,0,0,Vehicle - Pedalcyclist,0,0,47.67214753019721,-122.29023363925751
1,1,Cycles,2,0,1,1,At Intersection (intersection related),PEDALCYCLIST STRUCK MOTOR VEHICLE FRONT END AT ANGLE,0,0,Raining,Wet,Daylight,1,0,Vehicle - Pedalcyclist,0,0,47.72110162267192,-122.29772081964826
1,1,Cycles,2,0,1,1,At Intersection (intersection related),PEDALCYCLIST STRUCK MOTOR VEHICLE FRONT END AT ANGLE,0,0,Clear or Partly Cloudy,Dry,Dark - Street Lights On,0,0,Vehicle - Pedalcyclist,0,0,47.61295826748179,-122.33787347696676
1,1,Cycles,2,0,1,1,At Intersection (intersection related),PEDALCYCLIST STRUCK MOTOR VEHICLE FRONT END AT ANGLE,0,0,Clear or Partly Cloudy,Dry,Daylight,1,0,Vehicle - Pedalcyclist,1,0,47.59073208493333,-122.33733580156671
1,1,Cycles,2,0,1,1,At Intersection (intersection related),NOT ENOUGH INFORMATION / NOT APPLICABLE,0,0,Raining,Wet,Dark - Street Lights On,0,0,Vehicle - Pedalcyclist,1,0,47.65297596413605,-122.31246414473328
1,1,Cycles,2,0,1,1,At Intersection (intersection related),PEDALCYCLIST STRUCK MOTOR VEHICLE FRONT END AT ANGLE,0,0,Clear or Partly Cloudy,Dry,Daylight,0,0,Vehicle - Pedalcyclist,0,0,47.58119150389813,-122.38923919116405
0,1,Cycles,2,0,1,1,Driveway Junction,"MOTOR VEHICLE STRUCK PEDALCYCLIST, FRONT END AT ANGLE",0,0,Raining,Wet,Daylight,1,1,Vehicle - Pedalcyclist,0,0,47.65161865080639,-122.34262691436464
1,1,Cycles,3,0,1,1,At Intersection (intersection related),PEDALCYCLIST STRUCK MOTOR VEHICLE FRONT END AT ANGLE,0,0,Clear or Partly Cloudy,Dry,Daylight,0,0,Vehicle - Pedalcyclist,0,0,47.57394302530443,-122.29478739952124
1,1,Cycles,2,0,1,1,At Intersection (intersection related),"MOTOR VEHICLE STRUCK PEDALCYCLIST, FRONT END AT ANGLE",0,0,Overcast,Dry,Daylight,0,0,Vehicle - Pedalcyclist,1,0,47.53888841206313,-122.28198839957308
0,1,Cycles,2,0,1,1,Mid-Block (not related to intersection),PEDALCYCLIST STRUCK MOTOR VEHICLE LEFT SIDE SIDESWIPE,1,0,Clear or Partly Cloudy,Dry,Daylight,0,0,Vehicle - Pedalcyclist,0,0,47.675898482895505,-122.32492069607416
1,1,Cycles,2,0,1,1,At Intersection (intersection related),"MOTOR VEHICLE STRUCK PEDALCYCLIST, FRONT END AT ANGLE",1,0,Clear or Partly Cloudy,Dry,Daylight,1,0,Vehicle - Pedalcyclist,0,0,47.67655440134596,-122.31737321600777
1,1,Cycles,2,0,1,1,At Intersection (intersection related),"MOTOR VEHICLE STRUCK MOTOR VEHICLE, FRONT END AT ANGLE",0,0,Clear or Partly Cloudy,Dry,Dusk,1,0,Vehicle - Pedalcyclist,0,0,47.7232229323529,-122.35036146964876
1,1,Cycles,2,0,1,1,At Intersection (intersection related),"MOTOR VEHICLE STRUCK PEDALCYCLIST, FRONT END AT ANGLE",0,0,Raining,Wet,Dark - Street Lights On,0,0,Vehicle - Pedalcyclist,1,0,47.659795120482855,-122.31316833583477
0,1,Cycles,2,0,1,1,Mid-Block (not related to intersection),PEDALCYCLIST STRUCK MOTOR VEHICLE FRONT END AT ANGLE,0,0,Clear or Partly Cloudy,Dry,Dawn,1,0,Vehicle - Pedalcyclist,0,0,47.56379196487082,-122.32286846837536
1,1,Cycles,2,0,1,1,At Intersection (intersection related),"MOTOR VEHICLE STRUCK PEDALCYCLIST, FRONT END AT ANGLE",0,0,Clear or Partly Cloudy,Dry,Daylight,1,0,Vehicle - Pedalcyclist,0,0,47.61239802571792,-122.34089245510886
1,1,Cycles,3,0,1,1,At Intersection (intersection related),PEDALCYCLIST STRUCK MOTOR VEHICLE FRONT END AT ANGLE,0,0,Overcast,Dry,Daylight,0,0,Vehicle - Pedalcyclist,0,0,47.664900723928135,-122.3130741604038
0,1,Cycles,1,0,1,0,Mid-Block (not related to intersection),PEDALCYCLIST OVERTURNED IN ROAD,0,0,Clear or Partly Cloudy,Dry,Dusk,0,0,Vehicle - Pedalcyclist,0,0,47.70505326295174,-122.34536647150128
1,1,Cycles,2,0,1,1,At Intersection (intersection related),"MOTOR VEHICLE STRUCK PEDALCYCLIST, FRONT END AT ANGLE",0,0,Clear or Partly Cloudy,Dry,Daylight,0,0,Vehicle - Pedalcyclist,0,0,47.60875622459481,-122.3368846034067
1,1,Cycles,3,0,1,1,At Intersection (intersection related),"MOTOR VEHICLE STRUCK PEDALCYCLIST, FRONT END AT ANGLE",0,0,Raining,Wet,Dark - Street Lights On,0,0,Vehicle - Pedalcyclist,1,0,47.661269365816295,-122.31312965833612
0,0,Cycles,2,0,1,1,Mid-Block (not related to intersection),NOT ENOUGH INFORMATION / NOT APPLICABLE,0,0,Unknown,Unknown,Unknown,1,0,Vehicle - Pedalcyclist,0,0,47.60529909565833,-122.33832642494541
0,1,Cycles,2,0,1,1,Mid-Block (not related to intersection),PEDALCYCLIST STRUCK MOTOR VEHICLE REAR END,0,0,Clear or Partly Cloudy,Dry,Dark - Street Lights On,0,1,Vehicle - Pedalcyclist,0,0,47.61296790503464,-122.32845798125328
1,1,Cycles,2,0,1,1,At Intersection (intersection related),PEDALCYCLIST STRUCK MOTOR VEHICLE FRONT END AT ANGLE,0,0,Overcast,Dry,Daylight,1,0,Vehicle - Pedalcyclist,0,0,47.61294055862109,-122.29619919499264
1,1,Cycles,1,0,1,0,At Intersection (intersection related),PEDALCYCLIST STRUCK MOTOR VEHICLE FRONT END AT ANGLE,0,0,Clear or Partly Cloudy,Dry,Daylight,0,0,Vehicle - Pedalcyclist,0,0,47.60587261716152,-122.33578172373925
1,1,Cycles,3,0,1,1,At Intersection (intersection related),"MOTOR VEHICLE STRUCK PEDALCYCLIST, FRONT END AT ANGLE",0,0,Clear or Partly Cloudy,Dry,Dusk,1,0,Vehicle - Pedalcyclist,0,0,47.66138558301986,-122.34066246426012
0,1,Cycles,3,0,1,1,Mid-Block (not related to intersection),"MOTOR VEHICLE STRUCK PEDALCYCLIST, FRONT END AT ANGLE",0,0,Overcast,Dry,Daylight,1,0,Vehicle - Pedalcyclist,0,0,47.5992597571549,-122.30547961716542
0,1,Cycles,2,0,1,1,Mid-Block (but intersection related),PEDALCYCLIST STRUCK MOTOR VEHICLE REAR END,0,0,Clear or Partly Cloudy,Dry,Daylight,0,1,Vehicle - Pedalcyclist,0,0,47.677594538143865,-122.29791616843865
0,1,Cycles,2,0,1,1,Mid-Block (not related to intersection),"MOTOR VEHICLE STRUCK PEDALCYCLIST, FRONT END AT ANGLE",0,0,Clear or Partly Cloudy,Dry,Daylight,0,0,Vehicle - Pedalcyclist,0,0,47.598116035966996,-122.2901495600966
1,1,Cycles,2,0,1,1,At Intersection (intersection related),PEDALCYCLIST STRUCK MOTOR VEHICLE FRONT END AT ANGLE,0,0,Clear or Partly Cloudy,Dry,Daylight,1,0,Vehicle - Pedalcyclist,0,0,47.62719238596771,-122.3566895551185
0,1,Cycles,3,0,1,1,Mid-Block (not related to intersection),PEDALCYCLIST STRUCK MOTOR VEHICLE FRONT END AT ANGLE,0,0,Clear or Partly Cloudy,Dry,Daylight,0,0,Vehicle - Pedalcyclist,0,0,47.6613854420301,-122.34140593782853
0,1,Cycles,2,0,1,1,Mid-Block (not related to intersection),"MOTOR VEHICLE STRUCK MOTOR VEHICLE, LEFT SIDE SIDESWIPE",0,0,Clear or Partly Cloudy,Dry,Daylight,0,0,Vehicle - Pedalcyclist,0,0,47.6169258321461,-122.33962645754585
1,1,Cycles,2,0,1,1,At Intersection (intersection related),PEDALCYCLIST STRUCK MOTOR VEHICLE FRONT END AT ANGLE,0,0,Clear or Partly Cloudy,Dry,Daylight,1,0,Vehicle - Pedalcyclist,0,0,47.588228588505935,-122.33419664310243
1,1,Cycles,2,0,1,1,At Intersection (intersection related),"MOTOR VEHICLE STRUCK PEDALCYCLIST, FRONT END AT ANGLE",0,0,Clear or Partly Cloudy,Dry,Dusk,0,0,Vehicle - Pedalcyclist,1,0,47.7086287203541,-122.32863426558531
1,1,Cycles,2,0,1,1,At Intersection (intersection related),PEDALCYCLIST STRUCK MOTOR VEHICLE FRONT END AT ANGLE,0,0,Clear or Partly Cloudy,Dry,Daylight,1,0,Vehicle - Pedalcyclist,0,0,47.595831166617344,-122.3224586628908
0,1,Cycles,2,0,1,1,Mid-Block (not related to intersection),"MOTOR VEHICLE STRUCK PEDALCYCLIST, FRONT END AT ANGLE",1,0,Clear or Partly Cloudy,Dry,Daylight,0,0,Vehicle - Pedalcyclist,0,0,47.66053087564724,-122.31314903324123
1,1,Cycles,2,0,1,1,At Intersection (intersection related),"MOTOR VEHICLE STRUCK PEDALCYCLIST, FRONT END AT ANGLE",0,0,Clear or Partly Cloudy,Dry,Daylight,1,0,Vehicle - Pedalcyclist,1,0,47.65297596413605,-122.31246414473328
0,1,Cycles,2,0,1,1,Mid-Block (not related to intersection),PEDALCYCLIST STRUCK MOTOR VEHICLE LEFT SIDE SIDESWIPE,0,0,Overcast,Dry,Daylight,0,0,Vehicle - Pedalcyclist,0,0,47.665682841275995,-122.31632470198292
1,1,Cycles,2,0,1,1,At Intersection (intersection related),"MOTOR VEHICLE STRUCK PEDALCYCLIST, FRONT END AT ANGLE",0,0,Overcast,Wet,Dark - Street Lights On,1,0,Vehicle - Pedalcyclist,1,0,47.65488891153886,-122.32570273372149
1,1,Cycles,2,0,1,1,At Intersection (intersection related),"MOTOR VEHICLE STRUCK PEDALCYCLIST, FRONT END AT ANGLE",0,0,Clear or Partly Cloudy,Dry,Dark - Street Lights On,1,0,Vehicle - Pedalcyclist,0,0,47.60166062570858,-122.29891734148524
1,1,Cycles,2,0,1,1,At Intersection (intersection related),PEDALCYCLIST STRUCK MOTOR VEHICLE FRONT END AT ANGLE,0,1,Clear or Partly Cloudy,Dry,Dark - Street Lights On,1,0,Vehicle - Pedalcyclist,0,0,47.66127697828911,-122.31428581564968
1,1,Cycles,2,0,1,1,At Intersection (intersection related),"MOTOR VEHICLE STRUCK PEDALCYCLIST, FRONT END AT ANGLE",0,0,Clear or Partly Cloudy,Dry,Daylight,0,0,Vehicle - Pedalcyclist,1,0,47.61403982280334,-122.34565345699836