block_intersection,severity_code,collision_type,person_count,ped_count,pedcyl_count,veh_count,junction_type,sdot_coldesc,in_attention,under_infl,weather,road_cond,light_cond,ped_right_way,speeding,s._col_desc,crosswalkkey,hit_parked_car,latitude,longitude
1,1,Cycles,2,0,1,1,At Intersection (intersection related),PEDALCYCLIST STRUCK MOTOR VEHICLE FRONT END AT ANGLE,1,0,Clear or Partly Cloudy,Dry,Daylight,0,0,Vehicle - Pedalcyclist,1,0,47.694205154627845,-122.35125422327664
1,1,Cycles,2,0,1,1,At Intersection (intersection related),PEDALCYCLIST STRUCK MOTOR VEHICLE FRONT END AT ANGLE,0,0,Clear or Partly Cloudy,Dry,Dawn,1,0,Vehicle - Pedalcyclist,1,0,47.73409487418462,-122.32887983659815
1,1,Cycles,0,0,1,1,At Intersection (intersection related),"MOTOR VEHICLE STRUCK PEDALCYCLIST, FRONT END AT ANGLE",0,0,Overcast,Dry,Daylight,0,0,Vehicle - Pedalcyclist,0,0,47.615231142080184,-122.32341547054027
1,1,Cycles,2,0,1,1,At Intersection (intersection related),PEDALCYCLIST STRUCK MOTOR VEHICLE FRONT END AT ANGLE,1,0,Clear or Partly Cloudy,Dry,Daylight,0,0,Vehicle - Pedalcyclist,0,0,47.70593363537484,-122.33260397396522
1,1,Cycles,4,0,1,1,At Intersection (intersection related),PEDALCYCLIST STRUCK MOTOR VEHICLE FRONT END AT ANGLE,0,0,Clear or Partly Cloudy,Dry,Daylight,0,0,Vehicle - Pedalcyclist,0,0,47.62205574526417,-122.34237158587831
1,1,Cycles,2,0,1,1,At Intersection (intersection related),"MOTOR VEHICLE STRUCK PEDALCYCLIST, FRONT END AT ANGLE",0,0,Clear or Partly Cloudy,Dry,Daylight,0,0,Vehicle - Pedalcyclist,1,0,47.59665174470153,-122.31212118217259
0,1,Cycles,0,0,1,1,Mid-Block (but intersection related),PEDALCYCLIST STRUCK MOTOR VEHICLE REAR END,0,0,Overcast,Wet,Daylight,0,0,Vehicle - Pedalcyclist,0,0,47.61869045952145,-122.3252870685101
0,1,Cycles,3,0,1,1,Mid-Block (not related to intersection),PEDALCYCLIST STRUCK MOTOR VEHICLE FRONT END AT ANGLE,1,0,Clear or Partly Cloudy,Dry,Daylight,0,0,Vehicle - Pedalcyclist,0,0,47.606865973247864,-122.3397604105788
1,1,Cycles,2,0,1,1,At Intersection (intersection related),PEDALCYCLIST STRUCK MOTOR VEHICLE FRONT END AT ANGLE,1,0,Clear or Partly Cloudy,Dry,Daylight,0,0,Vehicle - Pedalcyclist,0,0,47.68983726622608,-122.355301466373
1,1,Cycles,2,0,1,1,At Intersection (intersection related),"MOTOR VEHICLE STRUCK PEDALCYCLIST, FRONT END AT ANGLE",1,0,Clear or Partly Cloudy,Dry,Daylight,1,0,Vehicle - Pedalcyclist,0,0,47.73027352058993,-122.31000536152719
0,1,Cycles,2,0,1,1,Driveway Junction,"MOTOR VEHICLE STRUCK PEDALCYCLIST, FRONT END AT ANGLE",0,0,Clear or Partly Cloudy,Dry,Daylight,1,0,Vehicle - Pedalcyclist,0,0,47.60779444958214,-122.33754001043816
0,1,Cycles,2,0,1,1,Mid-Block (but intersection related),"MOTOR VEHICLE STRUCK PEDALCYCLIST, FRONT END AT ANGLE",1,0,Clear or Partly Cloudy,Dry,Dark - Street Lights On,0,0,Vehicle - Pedalcyclist,0,0,47.61468248267776,-122.31684498722672
0,1,Cycles,2,0,1,1,Mid-Block (not related to intersection),PEDALCYCLIST STRUCK MOTOR VEHICLE FRONT END AT ANGLE,0,0,Clear or Partly Cloudy,Dry,Daylight,0,0,Vehicle - Pedalcyclist,0,0,47.61349513768653,-122.3167845041913
0,1,Cycles,2,0,1,1,Driveway Junction,"MOTOR VEHICLE STRUCK PEDALCYCLIST, FRONT END AT ANGLE",0,0,Clear or Partly Cloudy,Dry,Dark - Street Lights On,0,0,Vehicle - Pedalcyclist,0,0,47.70505030742682,-122.34401368803655
1,1,Cycles,0,0,1,1,At Intersection (intersection related),PEDALCYCLIST STRUCK MOTOR VEHICLE FRONT END AT ANGLE,0,0,Raining,Wet,Daylight,0,0,Vehicle - Pedalcyclist,0,0,47.61296336278694,-122.32076237817628
1,1,Cycles,0,0,1,1,At Intersection (intersection related),"MOTOR VEHICLE STRUCK PEDALCYCLIST, FRONT END AT ANGLE",0,0,Clear or Partly Cloudy,Dry,Daylight,0,0,Vehicle - Pedalcyclist,1,0,47.521410787286605,-122.26999747846062
0,1,Cycles,2,0,1,1,Mid-Block (but intersection related),PEDALCYCLIST STRUCK MOTOR VEHICLE FRONT END AT ANGLE,0,0,Clear or Partly Cloudy,Dry,Daylight,0,0,Vehicle - Pedalcyclist,0,0,47.66979398291398,-122.36617636109615
0,1,Cycles,2,0,1,1,Mid-Block (not related to intersection),PEDALCYCLIST STRUCK MOTOR VEHICLE FRONT END AT ANGLE,1,0,Clear or Partly Cloudy,Dry,Daylight,0,0,Vehicle - Pedalcyclist,0,0,47.62029333909964,-122.33977366243909
1,1,Cycles,2,0,1,1,At Intersection (intersection related),MOTOR VEHCILE STRUCK PEDESTRIAN,0,0,Unknown,Unknown,Daylight,0,0,Vehicle - Pedalcyclist,1,0,47.66501761202214,-122.352710695002
0,1,Cycles,3,0,1,1,Driveway Junction,"MOTOR VEHICLE STRUCK PEDALCYCLIST, FRONT END AT ANGLE",0,0,Clear or Partly Cloudy,Dry,Dark - Street Lights On,1,0,Vehicle - Pedalcyclist,0,0,47.58829460623786,-122.37982308862298
1,1,Cycles,6,0,1,1,At Intersection (intersection related),"MOTOR VEHICLE STRUCK PEDALCYCLIST, FRONT END AT ANGLE",0,0,Overcast,Dry,Daylight,1,0,Vehicle - Pedalcyclist,1,0,47.65297596413605,-122.31246414473328
1,1,Cycles,2,0,1,1,At Intersection (intersection related),"MOTOR VEHICLE STRUCK PEDALCYCLIST, FRONT END AT ANGLE",0,0,Clear or Partly Cloudy,Dry,Daylight,0,0,Vehicle - Pedalcyclist,1,0,47.60306058272921,-122.33778754563215
1,2,Cycles,2,0,1,1,At Intersection (intersection related),PEDALCYCLIST STRUCK MOTOR VEHICLE FRONT END AT ANGLE,0,0,Clear or Partly Cloudy,Dry,Daylight,0,0,Vehicle - Pedalcyclist,0,0,47.65588798334985,-122.32189084930141
0,1,Cycles,2,0,1,1,Driveway Junction,"MOTOR VEHICLE STRUCK PEDALCYCLIST, FRONT END AT ANGLE",0,0,Clear or Partly Cloudy,Wet,Dark - Street Lights On,0,0,Vehicle - Pedalcyclist,0,0,47.60779444958214,-122.33754001043816
0,1,Cycles,2,0,1,1,Mid-Block (not related to intersection),"MOTOR VEHICLE STRUCK PEDALCYCLIST, FRONT END AT ANGLE",1,0,Clear or Partly Cloudy,Dry,Daylight,0,0,Vehicle - Pedalcyclist,0,0,47.57977779242936,-122.40866226317706
1,1,Cycles,2,0,1,1,At Intersection (intersection related),PEDALCYCLIST STRUCK MOTOR VEHICLE FRONT END AT ANGLE,0,0,Clear or Partly Cloudy,Dry,Daylight,0,0,Vehicle - Pedalcyclist,0,0,47.657514224809034,-122.317802129097
0,1,Cycles,2,0,1,1,Mid-Block (but intersection related),"MOTOR VEHICLE STRUCK PEDALCYCLIST, REAR END",1,0,Clear or Partly Cloudy,Dry,Dark - Street Lights On,0,0,Vehicle - Pedalcyclist,0,0,47.69058906730916,-122.35326864416734
1,1,Cycles,0,0,1,1,At Intersection (intersection related),PEDALCYCLIST STRUCK MOTOR VEHICLE FRONT END AT ANGLE,0,0,Clear or Partly Cloudy,Dry,Daylight,0,0,Vehicle - Pedalcyclist,0,0,47.66800627343393,-122.30648740194357
1,1,Cycles,2,0,1,1,At Intersection (intersection related),PEDALCYCLIST STRUCK MOTOR VEHICLE FRONT END AT ANGLE,0,0,Clear or Partly Cloudy,Dry,Daylight,0,0,Vehicle - Pedalcyclist,0,0,47.52287008806826,-122.3551044544663
1,1,Cycles,3,0,1,2,At Intersection (intersection related),"MOTOR VEHICLE STRUCK PEDALCYCLIST, FRONT END AT ANGLE",0,0,Clear or Partly Cloudy,Dry,Daylight,1,0,Vehicle - Pedalcyclist,1,0,47.64319455585064,-122.32005642808822
0,1,Cycles,2,0,1,1,Driveway Junction,PEDALCYCLIST STRUCK MOTOR VEHICLE FRONT END AT ANGLE,0,0,Clear or Partly Cloudy,Dry,Daylight,0,0,Vehicle - Pedalcyclist,0,0,47.657941757397786,-122.31779112586315
1,1,Cycles,2,0,1,1,At Intersection (intersection related),"MOTOR VEHICLE STRUCK PEDALCYCLIST, FRONT END AT ANGLE",1,0,Clear or Partly Cloudy,Dry,Dusk,0,0,Vehicle - Pedalcyclist,0,0,47.69050090267224,-122.33644048168064
1,1,Cycles,0,0,1,1,At Intersection (intersection related),"MOTOR VEHICLE STRUCK PEDALCYCLIST, FRONT END AT ANGLE",0,0,Clear or Partly Cloudy,Dry,Daylight,0,0,Vehicle - Pedalcyclist,0,0,47.60436038491066,-122.31678113297993
1,1,Cycles,2,0,1,1,At Intersection (intersection related),"MOTOR VEHICLE STRUCK PEDALCYCLIST, FRONT END AT ANGLE",0,0,Overcast,Wet,Dusk,0,0,Vehicle - Pedalcyclist,0,0,47.60522681734946,-122.32074874078869
1,1,Cycles,2,0,1,1,At Intersection (intersection related),"MOTOR VEHICLE STRUCK PEDALCYCLIST, FRONT END AT ANGLE",0,0,Clear or Partly Cloudy,Dry,Daylight,0,0,Vehicle - Pedalcyclist,0,0,47.68029316864227,-122.325825923558
1,1,Cycles,3,0,1,1,At Intersection (intersection related),"MOTOR VEHICLE STRUCK PEDALCYCLIST, FRONT END AT ANGLE",1,0,Clear or Partly Cloudy,Dry,Daylight,0,0,Vehicle - Pedalcyclist,0,0,47.659455945574386,-122.31775170617126
1,1,Cycles,0,0,1,1,At Intersection (intersection related),"MOTOR VEHICLE STRUCK PEDALCYCLIST, FRONT END AT ANGLE",0,0,Raining,Wet,Daylight,0,0,Vehicle - Pedalcyclist,1,0,47.56977061348821,-122.29069886527
1,1,Cycles,2,0,1,1,At Intersection (intersection related),"MOTOR VEHICLE STRUCK PEDALCYCLIST, FRONT END AT ANGLE",0,0,Clear or Partly Cloudy,Dry,Dark - Street Lights On,1,0,Vehicle - Pedalcyclist,0,0,47.59204988726465,-122.29763391603494
0,1,Cycles,2,0,1,1,Mid-Block (but intersection related),"MOTOR VEHICLE STRUCK PEDALCYCLIST, FRONT END AT ANGLE",0,0,Clear or Partly Cloudy,Dry,Dawn,0,0,Vehicle - Pedalcyclist,0,0,47.57140883759296,-122.35034338358395
0,1,Cycles,2,0,1,1,Mid-Block (not related to intersection),"MOTOR VEHICLE STRUCK PEDALCYCLIST, FRONT END AT ANGLE",1,0,Clear or Partly Cloudy,Dry,Daylight,0,0,Vehicle - Pedalcyclist,0,0,47.66399488786002,-122.31308797808485
1,1,Cycles,2,0,1,1,At Intersection (intersection related),"MOTOR VEHICLE STRUCK PEDALCYCLIST, FRONT END AT ANGLE",1,0,Clear or Partly Cloudy,Dry,Daylight,0,0,Vehicle - Pedalcyclist,0,0,47.659455945574386,-122.31775170617126
0,0,Cycles,2,0,1,1,Mid-Block (not related to intersection),"MOTOR VEHICLE STRUCK PEDALCYCLIST, FRONT END AT ANGLE",0,0,Clear or Partly Cloudy,Dry,Daylight,0,0,Vehicle - Pedalcyclist,0,0,47.673449657915704,-122.37357808163091
0,1,Cycles,0,0,1,0,Mid-Block (not related to intersection),PEDALCYCLIST STRUCK OBJECT IN ROAD,0,0,Clear or Partly Cloudy,Dry,Daylight,0,0,Vehicle - Pedalcyclist,0,0,47.62255712863728,-122.3209151974742
1,1,Cycles,0,0,1,1,At Intersection (intersection related),PEDALCYCLIST STRUCK MOTOR VEHICLE FRONT END AT ANGLE,0,0,Clear or Partly Cloudy,Dry,Daylight,0,0,Vehicle - Pedalcyclist,0,0,47.54426392480876,-122.26414708220129
1,2,Cycles,2,0,1,1,At Intersection (intersection related),"MOTOR VEHICLE STRUCK PEDALCYCLIST, FRONT END AT ANGLE",0,0,Clear or Partly Cloudy,Dry,Daylight,1,0,Vehicle - Pedalcyclist,0,0,47.60912237381776,-122.32801317523632
0,1,Cycles,2,0,1,1,Mid-Block (not related to intersection),PEDALCYCLIST STRUCK MOTOR VEHICLE FRONT END AT ANGLE,0,0,Clear or Partly Cloudy,Dry,Dark - Street Lights On,0,0,Vehicle - Pedalcyclist,0,0,47.55744584704031,-122.28483764798366
1,1,Cycles,2,0,1,1,At Intersection (intersection related),"MOTOR VEHICLE STRUCK PEDALCYCLIST, FRONT END AT ANGLE",0,0,Clear or Partly Cloudy,Dry,Daylight,1,0,Vehicle - Pedalcyclist,0,0,47.657514224809034,-122.317802129097
1,1,Cycles,2,0,1,1,At Intersection (intersection related),"MOTOR VEHICLE STRUCK PEDALCYCLIST, FRONT END AT ANGLE",1,1,Clear or Partly Cloudy,Dry,Dark - Street Lights On,1,0,Vehicle - Pedalcyclist,1,0,47.616641709726636,-122.32788067264046
0,2,Cycles,2,0,1,1,Driveway Junction,"MOTOR VEHICLE STRUCK PEDALCYCLIST, FRONT END AT ANGLE",1,0,Clear or Partly Cloudy,Dry,Daylight,0,0,Vehicle - Pedalcyclist,0,0,47.72048062662639,-122.34494681833144
0,1,Cycles,1,0,1,0,Mid-Block (not related to intersection),PEDALCYCLIST OVERTURNED IN ROAD,1,1,,Dry,Dark - Street Lights On,0,0,Vehicle - Pedalcyclist,0,0,47.599189682151184,-122.32440465140651
0,1,Cycles,0,0,1,1,Mid-Block (not related to intersection),"MOTOR VEHICLE STRUCK MOTOR VEHICLE, REAR END",0,0,Clear or Partly Cloudy,Dry,Daylight,0,0,Vehicle - Pedalcyclist,0,1,47.657941757397786,-122.31779112586315
0,1,Cycles,2,0,1,1,Mid-Block (but intersection related),"MOTOR VEHICLE STRUCK PEDALCYCLIST, FRONT END AT ANGLE",0,0,Clear or Partly Cloudy,Dry,Daylight,0,0,Vehicle - Pedalcyclist,0,0,47.60171819875888,-122.32964493976021
0,1,Cycles,2,0,1,1,Mid-Block (not related to intersection),"MOTOR VEHICLE STRUCK PEDALCYCLIST, REAR END",0,0,Clear or Partly Cloudy,Dry,Dark - Street Lights On,0,0,Vehicle - Pedalcyclist,0,0,47.661251203702456,-122.28769960848257
1,1,Cycles,0,0,1,1,At Intersection (intersection related),PEDALCYCLIST STRUCK MOTOR VEHICLE FRONT END AT ANGLE,0,0,Clear or Partly Cloudy,Dry,Dark - Street Lights On,0,0,Vehicle - Pedalcyclist,0,0,47.61295826748179,-122.33787347696676
1,1,Cycles,2,0,1,1,At Intersection (intersection related),"MOTOR VEHICLE STRUCK PEDALCYCLIST, FRONT END AT ANGLE",0,0,Clear or Partly Cloudy,Dry,Daylight,1,0,Vehicle - Pedalcyclist,0,0,47.72835362854284,-122.29917291670357
1,1,Cycles,2,0,1,1,At Intersection (intersection related),PEDALCYCLIST STRUCK MOTOR VEHICLE FRONT END AT ANGLE,0,0,Clear or Partly Cloudy,Dry,Daylight,0,0,Vehicle - Pedalcyclist,0,0,47.602305601181115,-122.332519439884
1,1,Cycles,2,0,1,1,At Intersection (intersection related),PEDALCYCLIST STRUCK MOTOR VEHICLE FRONT END AT ANGLE,0,0,Clear or Partly Cloudy,Dry,Daylight,0,0,Vehicle - Pedalcyclist,0,0,47.65904018898118,-122.3282966212974
0,1,Cycles,5,0,1,1,Mid-Block (but intersection related),PEDALCYCLIST STRUCK MOTOR VEHICLE RIGHT SIDE SIDESWIPE,0,0,Raining,Wet,Daylight,0,0,Vehicle - Pedalcyclist,0,0,47.609187847075404,-122.3342101456626
1,1,Cycles,5,0,1,1,At Intersection (intersection related),"MOTOR VEHICLE STRUCK PEDALCYCLIST, FRONT END AT ANGLE",1,0,Overcast,Dry,Dark - Street Lights On,1,0,Vehicle - Pedalcyclist,1,0,47.61853426901042,-122.338484568197
0,1,Cycles,0,0,1,1,Driveway Junction,PEDALCYCLIST STRUCK MOTOR VEHICLE FRONT END AT ANGLE,0,0,Clear or Partly Cloudy,Dry,Daylight,0,0,Vehicle - Pedalcyclist,0,0,47.70716868270726,-122.31607137727651
0,2,Cycles,1,0,1,1,Mid-Block (not related to intersection),PEDALCYCLIST OVERTURNED IN ROAD,0,0,Clear or Partly Cloudy,Dry,Daylight,0,0,Vehicle - Pedalcyclist,0,0,47.599199519365165,-122.3156820754274
0,0,Cycles,0,0,1,1,,NOT ENOUGH INFORMATION / NOT APPLICABLE,0,0,Clear or Partly Cloudy,Dry,Daylight,0,0,Vehicle - Pedalcyclist,0,0,47.55866698493546,-122.29015586743557
1,1,Cycles,0,0,1,1,At Intersection (intersection related),"MOTOR VEHICLE STRUCK PEDALCYCLIST, FRONT END AT ANGLE",0,0,Clear or Partly Cloudy,Dry,Daylight,0,0,Vehicle - Pedalcyclist,1,0,47.581267001452964,-122.29699071388019
0,1,Cycles,0,0,1,1,Mid-Block (not related to intersection),"MOTOR VEHICLE STRUCK PEDALCYCLIST, FRONT END AT ANGLE",0,0,Clear or Partly Cloudy,Dry,Daylight,0,0,Vehicle - Pedalcyclist,0,0,47.612633293520936,-122.3358274826033
1,1,Cycles,0,0,1,1,At Intersection (intersection related),"MOTOR VEHICLE STRUCK PEDALCYCLIST, FRONT END AT ANGLE",0,0,Overcast,Dry,Daylight,0,0,Vehicle - Pedalcyclist,0,0,47.669430466870644,-122.36617831122828
0,1,Cycles,2,0,1,1,Driveway Junction,"MOTOR VEHICLE STRUCK PEDALCYCLIST, FRONT END AT ANGLE",0,0,Clear or Partly Cloudy,Dry,Daylight,1,0,Vehicle - Pedalcyclist,0,0,47.725037475206186,-122.34793329661959
1,1,Cycles,1,0,1,0,At Intersection (intersection related),PEDALCYCLIST OVERTURNED IN ROAD,1,0,Clear or Partly Cloudy,Dry,Daylight,0,0,Vehicle - Pedalcyclist,0,0,47.6257957692013,-122.33863455026258
1,1,Cycles,2,0,1,1,At Intersection (intersection related),"MOTOR VEHICLE STRUCK PEDALCYCLIST, FRONT END AT ANGLE",1,0,Clear or Partly Cloudy,Dry,Daylight,0,0,Vehicle - Pedalcyclist,1,0,47.70866306628217,-122.33399304389481
1,1,Cycles,2,0,1,1,At Intersection (intersection related),"MOTOR VEHICLE STRUCK PEDALCYCLIST, FRONT END AT ANGLE",0,0,Clear or Partly Cloudy,Dry,Daylight,0,0,Vehicle - Pedalcyclist,0,0,47.66501582728138,-122.35146177910484
1,2,Cycles,4,0,1,1,At Intersection (intersection related),"MOTOR VEHICLE STRUCK PEDALCYCLIST, FRONT END AT ANGLE",0,0,Overcast,Dry,Daylight,0,0,Vehicle - Pedalcyclist,1,0,47.723210715046406,-122.34228021103395
0,1,Cycles,2,0,1,1,Driveway Junction,"MOTOR VEHICLE STRUCK PEDALCYCLIST, FRONT END AT ANGLE",0,0,Clear or Partly Cloudy,Dry,Daylight,1,0,Vehicle - Pedalcyclist,0,0,47.61465412128639,-122.32078948868036
0,1,Cycles,2,0,1,1,Mid-Block (but intersection related),PEDALCYCLIST STRUCK MOTOR VEHICLE FRONT END AT ANGLE,1,0,Clear or Partly Cloudy,Dry,Daylight,0,0,Vehicle - Pedalcyclist,0,0,47.61702818888645,-122.31145033739556
0,1,Cycles,4,0,2,1,Mid-Block (not related to intersection),"MOTOR VEHICLE STRUCK PEDALCYCLIST, FRONT END AT ANGLE",0,0,Clear or Partly Cloudy,Dry,Daylight,0,0,Vehicle - Pedalcyclist,0,0,47.60878749220817,-122.33844845839596
1,0,Cycles,2,0,1,1,At Intersection (intersection related),NOT ENOUGH INFORMATION / NOT APPLICABLE,0,0,Unknown,Unknown,Unknown,0,0,Vehicle - Pedalcyclist,0,0,47.66050997199884,-122.30090614863396
0,1,Cycles,3,0,1,2,Mid-Block (not related to intersection),"MOTOR VEHICLE STRUCK PEDALCYCLIST, FRONT END AT ANGLE",0,0,Overcast,Dry,Daylight,0,0,Vehicle - Pedalcyclist,0,0,47.71752334526128,-122.29627141581487
1,1,Cycles,2,0,1,1,At Intersection (intersection related),PEDALCYCLIST STRUCK MOTOR VEHICLE FRONT END AT ANGLE,1,0,Clear or Partly Cloudy,Dry,Daylight,0,0,Vehicle - Pedalcyclist,0,0,47.6722689876671,-122.31736339573135
1,1,Left Turn,2,0,1,1,At Intersection (intersection related),"MOTOR VEHICLE STRUCK PEDALCYCLIST, FRONT END AT ANGLE",0,0,Overcast,Dry,Daylight,1,0,From opposite direction - one left turn - one straight,0,0,47.63342020133894,-122.34228296417204
0,1,Cycles,0,0,1,1,Mid-Block (not related to intersection),"MOTOR VEHICLE STRUCK PEDALCYCLIST, REAR END",0,0,Clear or Partly Cloudy,Dry,Daylight,0,0,Vehicle - Pedalcyclist,0,0,47.53476480650466,-122.31401501020711
1,1,Cycles,0,0,1,1,At Intersection (intersection related),"MOTOR VEHICLE STRUCK MOTOR VEHICLE, FRONT END AT ANGLE",0,0,Overcast,Dry,Dawn,0,0,Vehicle - Pedalcyclist,0,0,47.68203101306111,-122.3228862047956
0,1,Cycles,0,0,1,1,Mid-Block (not related to intersection),"MOTOR VEHICLE STRUCK PEDALCYCLIST, LEFT SIDE SIDESWIPE",0,0,Overcast,Wet,Daylight,0,0,Vehicle - Pedalcyclist,0,0,47.615080654580574,-122.3283108768688
1,1,Cycles,3,0,1,1,At Intersection (intersection related),"MOTOR VEHICLE STRUCK PEDALCYCLIST, FRONT END AT ANGLE",0,0,Clear or Partly Cloudy,Dry,Daylight,1,0,Vehicle - Pedalcyclist,0,0,47.603268557763606,-122.33493456599493
1,1,Cycles,2,0,1,1,At Intersection (intersection related),"MOTOR VEHICLE STRUCK PEDALCYCLIST, FRONT END AT ANGLE",0,0,Clear or Partly Cloudy,Dry,Dark - Street Lights On,0,0,Vehicle - Pedalcyclist,0,0,47.65751922716422,-122.32084615371824
1,1,Cycles,2,0,1,1,At Intersection (intersection related),PEDALCYCLIST STRUCK MOTOR VEHICLE FRONT END AT ANGLE,0,0,Clear or Partly Cloudy,Dry,Daylight,0,0,Vehicle - Pedalcyclist,0,0,47.61523842026632,-122.32790375541016
1,1,Cycles,1,0,1,0,At Intersection (intersection related),MOTOR VEHICLE OVERTURNED IN ROAD,0,0,Clear or Partly Cloudy,Dry,Daylight,0,0,Vehicle - Pedalcyclist,0,0,47.59919492412836,-122.3276669944082
0,1,Cycles,2,0,1,1,Driveway Junction,PEDALCYCLIST STRUCK MOTOR VEHICLE FRONT END AT ANGLE,0,0,Clear or Partly Cloudy,Dry,Daylight,0,0,Vehicle - Pedalcyclist,0,0,47.54515463170036,-122.27371077727356
1,0,Cycles,2,0,1,1,At Intersection (intersection related),"MOTOR VEHICLE STRUCK PEDALCYCLIST, FRONT END AT ANGLE",0,0,Clear or Partly Cloudy,Dry,Dark - Street Lights On,1,0,Vehicle - Pedalcyclist,1,0,47.609749733180806,-122.33779291611958
1,1,Cycles,0,0,1,1,At Intersection (intersection related),"MOTOR VEHICLE STRUCK PEDALCYCLIST, FRONT END AT ANGLE",0,0,Clear or Partly Cloudy,Dry,Daylight,0,0,Vehicle - Pedalcyclist,1,0,47.52921328433053,-122.28048822865429
1,1,Cycles,2,0,1,1,At Intersection (intersection related),PEDALCYCLIST STRUCK MOTOR VEHICLE FRONT END AT ANGLE,1,0,Clear or Partly Cloudy,Dry,Daylight,0,0,Vehicle - Pedalcyclist,0,0,47.61971961267641,-122.34239171231829
1,1,Cycles,2,0,1,1,At Intersection (intersection related),"MOTOR VEHICLE STRUCK PEDALCYCLIST, FRONT END AT ANGLE",0,0,Overcast,Dry,Dawn,0,0,Vehicle - Pedalcyclist,0,0,47.64681661188525,-122.40361794709787
1,1,Cycles,2,0,1,1,At Intersection (intersection related),"MOTOR VEHICLE STRUCK PEDALCYCLIST, FRONT END AT ANGLE",0,0,Clear or Partly Cloudy,Dry,Daylight,0,0,Vehicle - Pedalcyclist,0,0,47.65015880001961,-122.3474298891354
1,1,Cycles,2,0,1,1,At Intersection (intersection related),"MOTOR VEHICLE STRUCK PEDALCYCLIST, FRONT END AT ANGLE",1,0,Clear or Partly Cloudy,Dry,Daylight,0,0,Vehicle - Pedalcyclist,0,0,47.595837273375686,-122.32637379821077
0,1,Cycles,2,0,1,1,Driveway Junction,"MOTOR VEHICLE STRUCK PEDALCYCLIST, FRONT END AT ANGLE",1,0,Clear or Partly Cloudy,Dry,Daylight,1,0,Vehicle - Pedalcyclist,0,0,47.5564515676256,-122.28410238669201
0,1,Cycles,0,0,1,1,Mid-Block (not related to intersection),PEDALCYCLIST STRUCK MOTOR VEHICLE FRONT END AT ANGLE,0,0,Overcast,Dry,Daylight,0,0,Vehicle - Pedalcyclist,0,0,47.56951812136385,-122.31342877602717
1,1,Cycles,0,0,1,1,At Intersection (intersection related),"MOTOR VEHICLE STRUCK PEDALCYCLIST, FRONT END AT ANGLE",0,0,Clear or Partly Cloudy,Dry,Daylight,0,0,Vehicle - Pedalcyclist,0,0,47.608026145684434,-122.30893058566124
0,1,Cycles,2,0,1,1,Mid-Block (not related to intersection),"MOTOR VEHICLE STRUCK MOTOR VEHICLE, FRONT END AT ANGLE",0,0,Clear or Partly Cloudy,Dry,Daylight,1,0,Vehicle - Pedalcyclist,1,0,47.55901454105129,-122.29233681037157
0,0,Cycles,2,0,1,1,Mid-Block (not related to intersection),PEDALCYCLIST STRUCK MOTOR VEHICLE FRONT END AT ANGLE,0,0,Clear or Partly Cloudy,Dry,Daylight,0,0,Vehicle - Pedalcyclist,0,0,47.65378517884111,-122.32515355617839
0,1,Cycles,3,0,1,1,Mid-Block (but intersection related),"MOTOR VEHICLE STRUCK MOTOR VEHICLE, FRONT END AT ANGLE",0,0,Clear or Partly Cloudy,Dry,Daylight,0,1,Vehicle - Pedalcyclist,1,0,47.64744824079396,-122.33392032891355
1,1,Cycles,2,0,1,1,At Intersection (intersection related),"MOTOR VEHICLE STRUCK PEDALCYCLIST, FRONT END AT ANGLE",0,0,Clear or Partly Cloudy,Dry,Daylight,0,0,Vehicle - Pedalcyclist,0,0,47.634573061441394,-122.30157617824793
0,1,Cycles,2,0,1,1,Driveway Junction,"MOTOR VEHICLE STRUCK PEDALCYCLIST, FRONT END AT ANGLE",0,0,Clear or Partly Cloudy,Dry,Daylight,1,0,Vehicle - Pedalcyclist,0,0,47.61351814837144,-122.32077135051792
0,1,Cycles,2,0,1,1,Mid-Block (but intersection related),"MOTOR VEHICLE STRUCK PEDALCYCLIST, REAR END",0,0,Clear or Partly Cloudy,Dry,Dark - Street Lights On,0,0,Vehicle - Pedalcyclist,0,0,47.67396072401391,-122.30064519165957
1,1,Cycles,1,0,1,1,At Intersection (intersection related),"MOTOR VEHICLE STRUCK PEDALCYCLIST, FRONT END AT ANGLE",0,0,Clear or Partly Cloudy,Dry,Daylight,0,0,Vehicle - Pedalcyclist,0,0,47.66501938046141,-122.35395996421312
1,1,Cycles,0,0,1,1,At Intersection (intersection related),"MOTOR VEHICLE STRUCK PEDALCYCLIST, FRONT END AT ANGLE",0,0,Clear or Partly Cloudy,Dry,Daylight,0,0,Vehicle - Pedalcyclist,1,0,47.586170117147596,-122.32906226364679
0,1,Cycles,2,0,1,1,Mid-Block (not related to intersection),PEDALCYCLIST STRUCK MOTOR VEHICLE FRONT END AT ANGLE,0,0,Clear or Partly Cloudy,Dry,Daylight,0,0,Vehicle - Pedalcyclist,0,0,47.70816806645706,-122.33509521181854
1,1,Cycles,2,0,1,1,At Intersection (intersection related),"MOTOR VEHICLE STRUCK PEDALCYCLIST, FRONT END AT ANGLE",0,0,Clear or Partly Cloudy,Dry,Daylight,0,0,Vehicle - Pedalcyclist,1,0,47.579811138377295,-122.33420081438796